5-FU,ABT-888,T47D,17.48579545,0.6802977,15,1,0,0.009959722,1,O=c1[nH]cc(F)c(=O)[nH]1,CC1(c2nc3c(C(N)=O)cccc3[nH]2)CCCN1
5-FU,AZD1775,T47D,10.0383629,0.6655674,36,1,1,0.915249825,1,O=c1[nH]cc(F)c(=O)[nH]1,C=CCn1c(=O)c2cnc(Nc3ccc(N4CCN(C)CC4)cc3)nc2n1-c1cccc(C(C)(C)O)n1
5-FU,BEZ-235,T47D,106.0071924,0.8553839,54,1,1,1,1,O=c1[nH]cc(F)c(=O)[nH]1,Cn1c(=O)n(-c2ccc(C(C)(C)C#N)cc2)c2c3cc(-c4cnc5ccccc5c4)ccc3ncc21
5-FU,DASATINIB,T47D,18.86560141,0.6830268,106,1,1,0.999998927,1,O=c1[nH]cc(F)c(=O)[nH]1,Cc1nc(Nc2ncc(C(=O)Nc3c(C)cccc3Cl)s2)cc(N2CCN(CCO)CC2)n1
5-FU,DINACICLIB,T47D,-2.721986339,0.6403288,128,0,0,7.04E-10,0,O=c1[nH]cc(F)c(=O)[nH]1,CCc1cnn2c(NCc3ccc[n+]([O-])c3)cc(N3CCCCC3CCO)nc12
5-FU,ERLOTINIB,T47D,-3.049710368,0.6396806,152,0,1,0.962810993,0,O=c1[nH]cc(F)c(=O)[nH]1,C#Cc1cccc(Nc2ncnc3cc(OCCOC)c(OCCOC)cc23)c1
5-FU,GELDANAMYCIN,T47D,30.67999441,0.7063945,170,1,1,0.995697141,1,O=c1[nH]cc(F)c(=O)[nH]1,COC1=C2CC(C)CC(OC)C(O)C(C)C=C(C)C(OC(N)=O)C(OC)C=CC=C(C)C(=O)NC(=CC1=O)C2=O
5-FU,L778123,T47D,21.15875733,0.6875624,185,1,1,0.996083975,1,O=c1[nH]cc(F)c(=O)[nH]1,N#Cc1ccc(Cn2cncc2CN2CCN(c3cccc(Cl)c3)C(=O)C2)cc1
5-FU,LAPATINIB,T47D,14.90928278,0.6752016,200,1,0,0.071053997,1,O=c1[nH]cc(F)c(=O)[nH]1,CS(=O)(=O)CCNCc1ccc(-c2ccc3ncnc(Nc4ccc(OCc5cccc(F)c5)c(Cl)c4)c3c2)o1
5-FU,MK-4827,T47D,-9.881815829,0.6261674,237,0,1,0.938703537,0,O=c1[nH]cc(F)c(=O)[nH]1,NC(=O)c1cccc2cn(-c3ccc(C4CCCNC4)cc3)nc12
5-FU,MK-8669,T47D,24.17858199,0.6935353,272,1,1,1,1,O=c1[nH]cc(F)c(=O)[nH]1,COC1CC2CCC(C)C(O)(O2)C(=O)C(=O)N2CCCCC2C(=O)OC(C(C)CC2CCC(OP(C)(C)=O)C(OC)C2)CC(=O)C(C)C=C(C)C(O)C(OC)C(=O)C(C)CC(C)C=CC=CC=C1C
5-FU,PD325901,T47D,46.99657957,0.738667,316,1,1,0.984322488,1,O=c1[nH]cc(F)c(=O)[nH]1,O=C(NOCC(O)CO)c1ccc(F)c(F)c1Nc1ccc(I)cc1F
5-FU,SORAFENIB,T47D,-4.531377558,0.63675,335,0,0,0.006495134,0,O=c1[nH]cc(F)c(=O)[nH]1,CNC(=O)c1cc(Oc2ccc(NC(=O)Nc3ccc(Cl)c(C(F)(F)F)c3)cc2)ccn1
5-FU,TEMOZOLOMIDE,T47D,-31.48916586,0.5834303,365,0,0,1.44E-06,0,O=c1[nH]cc(F)c(=O)[nH]1,Cn1nnc2c(C(N)=O)ncn2c1=O
ABT-888,BEZ-235,T47D,117.0012793,0.877129,416,1,1,1,1,CC1(c2nc3c(C(N)=O)cccc3[nH]2)CCCN1,Cn1c(=O)n(-c2ccc(C(C)(C)C#N)cc2)c2c3cc(-c4cnc5ccccc5c4)ccc3ncc21
ABT-888,DINACICLIB,T47D,-24.15595065,0.5979346,430,0,1,0.999824822,0,CC1(c2nc3c(C(N)=O)cccc3[nH]2)CCCN1,CCc1cnn2c(NCc3ccc[n+]([O-])c3)cc(N3CCCCC3CCO)nc12
ABT-888,GELDANAMYCIN,T47D,-27.25381749,0.5918074,453,0,0,2.39E-07,0,CC1(c2nc3c(C(N)=O)cccc3[nH]2)CCCN1,COC1=C2CC(C)CC(OC)C(O)C(C)C=C(C)C(OC(N)=O)C(OC)C=CC=C(C)C(=O)NC(=CC1=O)C2=O
ABT-888,MK-8669,T47D,16.0705422,0.6774985,472,1,0,0.009401569,1,CC1(c2nc3c(C(N)=O)cccc3[nH]2)CCCN1,COC1CC2CCC(C)C(O)(O2)C(=O)C(=O)N2CCCCC2C(=O)OC(C(C)CC2CCC(OP(C)(C)=O)C(OC)C2)CC(=O)C(C)C=C(C)C(O)C(OC)C(=O)C(C)CC(C)C=CC=CC=C1C
ABT-888,SN-38,T47D,39.83231175,0.7244968,513,1,1,0.999999762,1,CC1(c2nc3c(C(N)=O)cccc3[nH]2)CCCN1,CCc1c2c(nc3ccc(O)cc13)-c1cc3c(c(=O)n1C2)COC(=O)C3(O)CC
ABT-888,SORAFENIB,T47D,13.26383871,0.6719471,534,1,0,0.442190439,1,CC1(c2nc3c(C(N)=O)cccc3[nH]2)CCCN1,CNC(=O)c1cc(Oc2ccc(NC(=O)Nc3ccc(Cl)c(C(F)(F)F)c3)cc2)ccn1
ABT-888,TOPOTECAN,T47D,10.2752314,0.6660359,560,1,0,1.36E-07,1,CC1(c2nc3c(C(N)=O)cccc3[nH]2)CCCN1,CCC1(O)C(=O)OCc2c1cc1n(c2=O)Cc2cc3c(CN(C)C)c(O)ccc3nc2-1
AZD1775,ABT-888,T47D,-10.32331212,0.6252942,580,0,0,1.51E-05,0,C=CCn1c(=O)c2cnc(Nc3ccc(N4CCN(C)CC4)cc3)nc2n1-c1cccc(C(C)(C)O)n1,CC1(c2nc3c(C(N)=O)cccc3[nH]2)CCCN1
AZD1775,BEZ-235,T47D,93.72819505,0.8310973,616,1,1,0.999986887,1,C=CCn1c(=O)c2cnc(Nc3ccc(N4CCN(C)CC4)cc3)nc2n1-c1cccc(C(C)(C)O)n1,Cn1c(=O)n(-c2ccc(C(C)(C)C#N)cc2)c2c3cc(-c4cnc5ccccc5c4)ccc3ncc21
AZD1775,BORTEZOMIB,T47D,-16.28306878,0.6135064,641,0,0,3.77E-11,0,C=CCn1c(=O)c2cnc(Nc3ccc(N4CCN(C)CC4)cc3)nc2n1-c1cccc(C(C)(C)O)n1,CC(C)CC(NC(=O)C(Cc1ccccc1)NC(=O)c1cnccn1)B(O)O
AZD1775,DASATINIB,T47D,10.49875118,0.666478,683,1,1,1,1,C=CCn1c(=O)c2cnc(Nc3ccc(N4CCN(C)CC4)cc3)nc2n1-c1cccc(C(C)(C)O)n1,Cc1nc(Nc2ncc(C(=O)Nc3c(C)cccc3Cl)s2)cc(N2CCN(CCO)CC2)n1
AZD1775,DINACICLIB,T47D,-8.963166233,0.6279844,712,0,0,8.43E-07,0,C=CCn1c(=O)c2cnc(Nc3ccc(N4CCN(C)CC4)cc3)nc2n1-c1cccc(C(C)(C)O)n1,CCc1cnn2c(NCc3ccc[n+]([O-])c3)cc(N3CCCCC3CCO)nc12
AZD1775,GELDANAMYCIN,T47D,-15.83642827,0.6143898,755,0,0,0.003845005,0,C=CCn1c(=O)c2cnc(Nc3ccc(N4CCN(C)CC4)cc3)nc2n1-c1cccc(C(C)(C)O)n1,COC1=C2CC(C)CC(OC)C(O)C(C)C=C(C)C(OC(N)=O)C(OC)C=CC=C(C)C(=O)NC(=CC1=O)C2=O
AZD1775,MK-2206,T47D,12.86462868,0.6711575,803,1,1,0.999952674,1,C=CCn1c(=O)c2cnc(Nc3ccc(N4CCN(C)CC4)cc3)nc2n1-c1cccc(C(C)(C)O)n1,NC1(c2ccc(-c3nc4ccn5c(=O)[nH]nc5c4cc3-c3ccccc3)cc2)CCC1
AZD1775,MK-4827,T47D,11.04600911,0.6675605,822,1,0,0.000137382,1,C=CCn1c(=O)c2cnc(Nc3ccc(N4CCN(C)CC4)cc3)nc2n1-c1cccc(C(C)(C)O)n1,NC(=O)c1cccc2cn(-c3ccc(C4CCCNC4)cc3)nc12
AZD1775,MK-8669,T47D,28.9104439,0.7028945,864,1,1,1,1,C=CCn1c(=O)c2cnc(Nc3ccc(N4CCN(C)CC4)cc3)nc2n1-c1cccc(C(C)(C)O)n1,COC1CC2CCC(C)C(O)(O2)C(=O)C(=O)N2CCCCC2C(=O)OC(C(C)CC2CCC(OP(C)(C)=O)C(OC)C2)CC(=O)C(C)C=C(C)C(O)C(OC)C(=O)C(C)CC(C)C=CC=CC=C1C
AZD1775,PD325901,T47D,-2.849065015,0.6400774,926,0,1,0.739629865,0,C=CCn1c(=O)c2cnc(Nc3ccc(N4CCN(C)CC4)cc3)nc2n1-c1cccc(C(C)(C)O)n1,O=C(NOCC(O)CO)c1ccc(F)c(F)c1Nc1ccc(I)cc1F
AZD1775,SN-38,T47D,-18.69047823,0.6087448,941,0,1,0.97639662,0,C=CCn1c(=O)c2cnc(Nc3ccc(N4CCN(C)CC4)cc3)nc2n1-c1cccc(C(C)(C)O)n1,CCc1c2c(nc3ccc(O)cc13)-c1cc3c(c(=O)n1C2)COC(=O)C3(O)CC
BEZ-235,DINACICLIB,T47D,90.99144315,0.8256843,997,1,1,0.866804779,1,Cn1c(=O)n(-c2ccc(C(C)(C)C#N)cc2)c2c3cc(-c4cnc5ccccc5c4)ccc3ncc21,CCc1cnn2c(NCc3ccc[n+]([O-])c3)cc(N3CCCCC3CCO)nc12
BEZ-235,MK-8776,T47D,103.9669876,0.8513485,1026,1,0,0.208010688,1,Cn1c(=O)n(-c2ccc(C(C)(C)C#N)cc2)c2c3cc(-c4cnc5ccccc5c4)ccc3ncc21,Cn1cc(-c2cnn3c(N)c(Br)c(C4CCCNC4)nc23)cn1
BEZ-235,SN-38,T47D,33.15341607,0.7112866,1051,1,1,1,1,Cn1c(=O)n(-c2ccc(C(C)(C)C#N)cc2)c2c3cc(-c4cnc5ccccc5c4)ccc3ncc21,CCc1c2c(nc3ccc(O)cc13)-c1cc3c(c(=O)n1C2)COC(=O)C3(O)CC
BEZ-235,SORAFENIB,T47D,36.98789056,0.7188708,1068,1,1,1,1,Cn1c(=O)n(-c2ccc(C(C)(C)C#N)cc2)c2c3cc(-c4cnc5ccccc5c4)ccc3ncc21,CNC(=O)c1cc(Oc2ccc(NC(=O)Nc3ccc(Cl)c(C(F)(F)F)c3)cc2)ccn1
BORTEZOMIB,ABT-888,T47D,-18.76073137,0.6086058,1086,0,0,4.53E-06,0,CC(C)CC(NC(=O)C(Cc1ccccc1)NC(=O)c1cnccn1)B(O)O,CC1(c2nc3c(C(N)=O)cccc3[nH]2)CCCN1
BORTEZOMIB,BEZ-235,T47D,87.02122222,0.8178316,1108,1,1,1,1,CC(C)CC(NC(=O)C(Cc1ccccc1)NC(=O)c1cnccn1)B(O)O,Cn1c(=O)n(-c2ccc(C(C)(C)C#N)cc2)c2c3cc(-c4cnc5ccccc5c4)ccc3ncc21
BORTEZOMIB,DINACICLIB,T47D,-30.84448292,0.5847054,1165,0,0,3.00E-22,0,CC(C)CC(NC(=O)C(Cc1ccccc1)NC(=O)c1cnccn1)B(O)O,CCc1cnn2c(NCc3ccc[n+]([O-])c3)cc(N3CCCCC3CCO)nc12
BORTEZOMIB,GELDANAMYCIN,T47D,-54.25105653,0.5384096,1189,0,0,2.73E-14,0,CC(C)CC(NC(=O)C(Cc1ccccc1)NC(=O)c1cnccn1)B(O)O,COC1=C2CC(C)CC(OC)C(O)C(C)C=C(C)C(OC(N)=O)C(OC)C=CC=C(C)C(=O)NC(=CC1=O)C2=O
BORTEZOMIB,MK-8669,T47D,-11.06971667,0.6238178,1210,0,0,0.046813924,0,CC(C)CC(NC(=O)C(Cc1ccccc1)NC(=O)c1cnccn1)B(O)O,COC1CC2CCC(C)C(O)(O2)C(=O)C(=O)N2CCCCC2C(=O)OC(C(C)CC2CCC(OP(C)(C)=O)C(OC)C2)CC(=O)C(C)C=C(C)C(O)C(OC)C(=O)C(C)CC(C)C=CC=CC=C1C
BORTEZOMIB,MK-8776,T47D,-8.126399187,0.6296394,1237,0,0,3.83E-17,0,CC(C)CC(NC(=O)C(Cc1ccccc1)NC(=O)c1cnccn1)B(O)O,Cn1cc(-c2cnn3c(N)c(Br)c(C4CCCNC4)nc23)cn1
BORTEZOMIB,SN-38,T47D,-11.05282061,0.6238513,1263,0,0,0.000172372,0,CC(C)CC(NC(=O)C(Cc1ccccc1)NC(=O)c1cnccn1)B(O)O,CCc1c2c(nc3ccc(O)cc13)-c1cc3c(c(=O)n1C2)COC(=O)C3(O)CC
BORTEZOMIB,SORAFENIB,T47D,-6.748286209,0.6323652,1289,0,0,1.51E-13,0,CC(C)CC(NC(=O)C(Cc1ccccc1)NC(=O)c1cnccn1)B(O)O,CNC(=O)c1cc(Oc2ccc(NC(=O)Nc3ccc(Cl)c(C(F)(F)F)c3)cc2)ccn1
BORTEZOMIB,TOPOTECAN,T47D,-0.682078892,0.6443635,1315,0,0,1.56E-09,0,CC(C)CC(NC(=O)C(Cc1ccccc1)NC(=O)c1cnccn1)B(O)O,CCC1(O)C(=O)OCc2c1cc1n(c2=O)Cc2cc3c(CN(C)C)c(O)ccc3nc2-1
CYCLOPHOSPHAMIDE,ABT-888,T47D,-4.08859713,0.6376258,1333,0,0,0.002889549,0,O=P1(N(CCCl)CCCl)NCCCO1,CC1(c2nc3c(C(N)=O)cccc3[nH]2)CCCN1
CYCLOPHOSPHAMIDE,AZD1775,T47D,-8.212706736,0.6294687,1342,0,0,3.13E-05,0,O=P1(N(CCCl)CCCl)NCCCO1,C=CCn1c(=O)c2cnc(Nc3ccc(N4CCN(C)CC4)cc3)nc2n1-c1cccc(C(C)(C)O)n1
CYCLOPHOSPHAMIDE,BEZ-235,T47D,100.4024954,0.8442983,1367,1,1,1,1,O=P1(N(CCCl)CCCl)NCCCO1,Cn1c(=O)n(-c2ccc(C(C)(C)C#N)cc2)c2c3cc(-c4cnc5ccccc5c4)ccc3ncc21
CYCLOPHOSPHAMIDE,BORTEZOMIB,T47D,-23.08859768,0.6000457,1388,0,0,1.42E-09,0,O=P1(N(CCCl)CCCl)NCCCO1,CC(C)CC(NC(=O)C(Cc1ccccc1)NC(=O)c1cnccn1)B(O)O
CYCLOPHOSPHAMIDE,DASATINIB,T47D,-15.33862999,0.6153744,1410,0,0,0.003156753,0,O=P1(N(CCCl)CCCl)NCCCO1,Cc1nc(Nc2ncc(C(=O)Nc3c(C)cccc3Cl)s2)cc(N2CCN(CCO)CC2)n1
CYCLOPHOSPHAMIDE,ERLOTINIB,T47D,26.18489183,0.6975036,1451,1,0,1.28E-08,1,O=P1(N(CCCl)CCCl)NCCCO1,C#Cc1cccc(Nc2ncnc3cc(OCCOC)c(OCCOC)cc23)c1
CYCLOPHOSPHAMIDE,GELDANAMYCIN,T47D,-25.05944518,0.5961476,1470,0,0,2.49E-07,0,O=P1(N(CCCl)CCCl)NCCCO1,COC1=C2CC(C)CC(OC)C(O)C(C)C=C(C)C(OC(N)=O)C(OC)C=CC=C(C)C(=O)NC(=CC1=O)C2=O
CYCLOPHOSPHAMIDE,L778123,T47D,-14.96860537,0.6161063,1483,0,1,0.99999094,0,O=P1(N(CCCl)CCCl)NCCCO1,N#Cc1ccc(Cn2cncc2CN2CCN(c3cccc(Cl)c3)C(=O)C2)cc1
CYCLOPHOSPHAMIDE,LAPATINIB,T47D,-5.980442242,0.6338839,1511,0,0,8.14E-06,0,O=P1(N(CCCl)CCCl)NCCCO1,CS(=O)(=O)CCNCc1ccc(-c2ccc3ncnc(Nc4ccc(OCc5cccc(F)c5)c(Cl)c4)c3c2)o1
CYCLOPHOSPHAMIDE,MK-2206,T47D,37.41936164,0.7197242,1529,1,0,0.17962867,1,O=P1(N(CCCl)CCCl)NCCCO1,NC1(c2ccc(-c3nc4ccn5c(=O)[nH]nc5c4cc3-c3ccccc3)cc2)CCC1
CYCLOPHOSPHAMIDE,MK-4827,T47D,-24.21855613,0.5978108,1544,0,0,0.056354102,0,O=P1(N(CCCl)CCCl)NCCCO1,NC(=O)c1cccc2cn(-c3ccc(C4CCCNC4)cc3)nc12
CYCLOPHOSPHAMIDE,MK-5108,T47D,22.07693933,0.6893785,1558,1,1,0.880788922,1,O=P1(N(CCCl)CCCl)NCCCO1,O=C(O)C1(Cc2cccc(Nc3nccs3)n2)CCC(Oc2cccc(Cl)c2F)CC1
CYCLOPHOSPHAMIDE,MK-8669,T47D,24.59091498,0.6943509,1580,1,1,0.999991059,1,O=P1(N(CCCl)CCCl)NCCCO1,COC1CC2CCC(C)C(O)(O2)C(=O)C(=O)N2CCCCC2C(=O)OC(C(C)CC2CCC(OP(C)(C)=O)C(OC)C2)CC(=O)C(C)C=C(C)C(O)C(OC)C(=O)C(C)CC(C)C=CC=CC=C1C
CYCLOPHOSPHAMIDE,MK-8776,T47D,-4.31321507,0.6371815,1601,0,0,0.00126805,0,O=P1(N(CCCl)CCCl)NCCCO1,Cn1cc(-c2cnn3c(N)c(Br)c(C4CCCNC4)nc23)cn1
CYCLOPHOSPHAMIDE,PD325901,T47D,-54.33920079,0.5382353,1626,0,1,0.999999523,0,O=P1(N(CCCl)CCCl)NCCCO1,O=C(NOCC(O)CO)c1ccc(F)c(F)c1Nc1ccc(I)cc1F
CYCLOPHOSPHAMIDE,SORAFENIB,T47D,-0.357384795,0.6450057,1641,0,0,0.047509409,0,O=P1(N(CCCl)CCCl)NCCCO1,CNC(=O)c1cc(Oc2ccc(NC(=O)Nc3ccc(Cl)c(C(F)(F)F)c3)cc2)ccn1
CYCLOPHOSPHAMIDE,TEMOZOLOMIDE,T47D,-47.74951594,0.551269,1673,0,0,0.008170906,0,O=P1(N(CCCl)CCCl)NCCCO1,Cn1nnc2c(C(N)=O)ncn2c1=O
CYCLOPHOSPHAMIDE,ZOLINZA,T47D,36.96806046,0.7188316,1692,1,1,0.998017669,1,O=P1(N(CCCl)CCCl)NCCCO1,O=C(CCCCCCC(=O)Nc1ccccc1)NO
DASATINIB,ABT-888,T47D,-14.32665176,0.617376,1710,0,1,0.999971986,0,Cc1nc(Nc2ncc(C(=O)Nc3c(C)cccc3Cl)s2)cc(N2CCN(CCO)CC2)n1,CC1(c2nc3c(C(N)=O)cccc3[nH]2)CCCN1
DASATINIB,BEZ-235,T47D,169.7166583,0.9813946,1739,1,1,1,1,Cc1nc(Nc2ncc(C(=O)Nc3c(C)cccc3Cl)s2)cc(N2CCN(CCO)CC2)n1,Cn1c(=O)n(-c2ccc(C(C)(C)C#N)cc2)c2c3cc(-c4cnc5ccccc5c4)ccc3ncc21
DASATINIB,DINACICLIB,T47D,11.69323841,0.6688406,1765,1,0,0.08161442,1,Cc1nc(Nc2ncc(C(=O)Nc3c(C)cccc3Cl)s2)cc(N2CCN(CCO)CC2)n1,CCc1cnn2c(NCc3ccc[n+]([O-])c3)cc(N3CCCCC3CCO)nc12
DASATINIB,GELDANAMYCIN,T47D,-1.787261036,0.6421776,1793,0,1,0.999999881,0,Cc1nc(Nc2ncc(C(=O)Nc3c(C)cccc3Cl)s2)cc(N2CCN(CCO)CC2)n1,COC1=C2CC(C)CC(OC)C(O)C(C)C=C(C)C(OC(N)=O)C(OC)C=CC=C(C)C(=O)NC(=CC1=O)C2=O
DASATINIB,MK-8669,T47D,54.01528824,0.7525493,1823,1,1,1,1,Cc1nc(Nc2ncc(C(=O)Nc3c(C)cccc3Cl)s2)cc(N2CCN(CCO)CC2)n1,COC1CC2CCC(C)C(O)(O2)C(=O)C(=O)N2CCCCC2C(=O)OC(C(C)CC2CCC(OP(C)(C)=O)C(OC)C2)CC(=O)C(C)C=C(C)C(O)C(OC)C(=O)C(C)CC(C)C=CC=CC=C1C
DASATINIB,SN-38,T47D,40.41995678,0.7256591,1891,1,1,0.999161005,1,Cc1nc(Nc2ncc(C(=O)Nc3c(C)cccc3Cl)s2)cc(N2CCN(CCO)CC2)n1,CCc1c2c(nc3ccc(O)cc13)-c1cc3c(c(=O)n1C2)COC(=O)C3(O)CC
DEXAMETHASONE,ABT-888,T47D,-13.19120927,0.6196218,1959,0,0,2.19E-05,0,CC1CC2C3CCC4=CC(=O)C=CC4(C)C3(F)C(O)CC2(C)C1(O)C(=O)CO,CC1(c2nc3c(C(N)=O)cccc3[nH]2)CCCN1
DEXAMETHASONE,AZD1775,T47D,-16.57348017,0.612932,1976,0,0,2.29E-08,0,CC1CC2C3CCC4=CC(=O)C=CC4(C)C3(F)C(O)CC2(C)C1(O)C(=O)CO,C=CCn1c(=O)c2cnc(Nc3ccc(N4CCN(C)CC4)cc3)nc2n1-c1cccc(C(C)(C)O)n1
DEXAMETHASONE,BEZ-235,T47D,90.90923441,0.8255217,2003,1,1,1,1,CC1CC2C3CCC4=CC(=O)C=CC4(C)C3(F)C(O)CC2(C)C1(O)C(=O)CO,Cn1c(=O)n(-c2ccc(C(C)(C)C#N)cc2)c2c3cc(-c4cnc5ccccc5c4)ccc3ncc21
DEXAMETHASONE,BORTEZOMIB,T47D,-9.157277118,0.6276005,2028,0,0,1.77E-08,0,CC1CC2C3CCC4=CC(=O)C=CC4(C)C3(F)C(O)CC2(C)C1(O)C(=O)CO,CC(C)CC(NC(=O)C(Cc1ccccc1)NC(=O)c1cnccn1)B(O)O
DEXAMETHASONE,DASATINIB,T47D,-56.4086851,0.5341421,2052,0,0,3.85E-07,0,CC1CC2C3CCC4=CC(=O)C=CC4(C)C3(F)C(O)CC2(C)C1(O)C(=O)CO,Cc1nc(Nc2ncc(C(=O)Nc3c(C)cccc3Cl)s2)cc(N2CCN(CCO)CC2)n1
DEXAMETHASONE,DINACICLIB,T47D,-31.80455604,0.5828065,2067,0,0,1.82E-13,0,CC1CC2C3CCC4=CC(=O)C=CC4(C)C3(F)C(O)CC2(C)C1(O)C(=O)CO,CCc1cnn2c(NCc3ccc[n+]([O-])c3)cc(N3CCCCC3CCO)nc12
DEXAMETHASONE,ERLOTINIB,T47D,-22.50252279,0.6012049,2096,0,0,9.66E-07,0,CC1CC2C3CCC4=CC(=O)C=CC4(C)C3(F)C(O)CC2(C)C1(O)C(=O)CO,C#Cc1cccc(Nc2ncnc3cc(OCCOC)c(OCCOC)cc23)c1
DEXAMETHASONE,GELDANAMYCIN,T47D,-30.07927989,0.5862189,2117,0,0,1.23E-06,0,CC1CC2C3CCC4=CC(=O)C=CC4(C)C3(F)C(O)CC2(C)C1(O)C(=O)CO,COC1=C2CC(C)CC(OC)C(O)C(C)C=C(C)C(OC(N)=O)C(OC)C=CC=C(C)C(=O)NC(=CC1=O)C2=O
DEXAMETHASONE,L778123,T47D,-42.16076203,0.562323,2135,0,0,0.251391292,0,CC1CC2C3CCC4=CC(=O)C=CC4(C)C3(F)C(O)CC2(C)C1(O)C(=O)CO,N#Cc1ccc(Cn2cncc2CN2CCN(c3cccc(Cl)c3)C(=O)C2)cc1
DEXAMETHASONE,LAPATINIB,T47D,-44.21924557,0.5582515,2161,0,0,1.90E-15,0,CC1CC2C3CCC4=CC(=O)C=CC4(C)C3(F)C(O)CC2(C)C1(O)C(=O)CO,CS(=O)(=O)CCNCc1ccc(-c2ccc3ncnc(Nc4ccc(OCc5cccc(F)c5)c(Cl)c4)c3c2)o1
DEXAMETHASONE,MK-2206,T47D,-10.05452424,0.6258258,2186,0,0,2.62E-07,0,CC1CC2C3CCC4=CC(=O)C=CC4(C)C3(F)C(O)CC2(C)C1(O)C(=O)CO,NC1(c2ccc(-c3nc4ccn5c(=O)[nH]nc5c4cc3-c3ccccc3)cc2)CCC1
DEXAMETHASONE,MK-4827,T47D,-42.43367586,0.5617832,2208,0,0,5.40E-17,0,CC1CC2C3CCC4=CC(=O)C=CC4(C)C3(F)C(O)CC2(C)C1(O)C(=O)CO,NC(=O)c1cccc2cn(-c3ccc(C4CCCNC4)cc3)nc12
DEXAMETHASONE,MK-5108,T47D,14.32160004,0.6740392,2234,1,0,3.35E-07,1,CC1CC2C3CCC4=CC(=O)C=CC4(C)C3(F)C(O)CC2(C)C1(O)C(=O)CO,O=C(O)C1(Cc2cccc(Nc3nccs3)n2)CCC(Oc2cccc(Cl)c2F)CC1
DEXAMETHASONE,MK-8669,T47D,-0.610011682,0.6445061,2259,0,1,0.959665596,0,CC1CC2C3CCC4=CC(=O)C=CC4(C)C3(F)C(O)CC2(C)C1(O)C(=O)CO,COC1CC2CCC(C)C(O)(O2)C(=O)C(=O)N2CCCCC2C(=O)OC(C(C)CC2CCC(OP(C)(C)=O)C(OC)C2)CC(=O)C(C)C=C(C)C(O)C(OC)C(=O)C(C)CC(C)C=CC=CC=C1C
DEXAMETHASONE,MK-8776,T47D,-42.42649563,0.5617974,2281,0,0,9.82E-10,0,CC1CC2C3CCC4=CC(=O)C=CC4(C)C3(F)C(O)CC2(C)C1(O)C(=O)CO,Cn1cc(-c2cnn3c(N)c(Br)c(C4CCCNC4)nc23)cn1
DEXAMETHASONE,PD325901,T47D,-42.08692277,0.562469,2304,0,0,1.98E-16,0,CC1CC2C3CCC4=CC(=O)C=CC4(C)C3(F)C(O)CC2(C)C1(O)C(=O)CO,O=C(NOCC(O)CO)c1ccc(F)c(F)c1Nc1ccc(I)cc1F
DEXAMETHASONE,TEMOZOLOMIDE,T47D,-66.16676967,0.5148416,2357,0,0,3.90E-07,0,CC1CC2C3CCC4=CC(=O)C=CC4(C)C3(F)C(O)CC2(C)C1(O)C(=O)CO,Cn1nnc2c(C(N)=O)ncn2c1=O
DEXAMETHASONE,ZOLINZA,T47D,-2.057246501,0.6416436,2375,0,0,0.05288453,0,CC1CC2C3CCC4=CC(=O)C=CC4(C)C3(F)C(O)CC2(C)C1(O)C(=O)CO,O=C(CCCCCCC(=O)Nc1ccccc1)NO
DINACICLIB,MK-8776,T47D,-4.20805721,0.6373895,2393,0,0,0.000182802,0,CCc1cnn2c(NCc3ccc[n+]([O-])c3)cc(N3CCCCC3CCO)nc12,Cn1cc(-c2cnn3c(N)c(Br)c(C4CCCNC4)nc23)cn1
DOXORUBICIN,ABT-888,T47D,18.45688891,0.6822184,2407,1,1,0.996147275,1,COc1cccc2c1C(=O)c1c(O)c3c(c(O)c1C2=O)CC(O)(C(=O)CO)CC3OC1CC(N)C(O)C(C)O1,CC1(c2nc3c(C(N)=O)cccc3[nH]2)CCCN1
DOXORUBICIN,AZD1775,T47D,19.38540678,0.6840549,2420,1,0,0.004397576,1,COc1cccc2c1C(=O)c1c(O)c3c(c(O)c1C2=O)CC(O)(C(=O)CO)CC3OC1CC(N)C(O)C(C)O1,C=CCn1c(=O)c2cnc(Nc3ccc(N4CCN(C)CC4)cc3)nc2n1-c1cccc(C(C)(C)O)n1
DOXORUBICIN,BEZ-235,T47D,77.42154796,0.7988444,2438,1,1,1,1,COc1cccc2c1C(=O)c1c(O)c3c(c(O)c1C2=O)CC(O)(C(=O)CO)CC3OC1CC(N)C(O)C(C)O1,Cn1c(=O)n(-c2ccc(C(C)(C)C#N)cc2)c2c3cc(-c4cnc5ccccc5c4)ccc3ncc21
DOXORUBICIN,DASATINIB,T47D,47.20344049,0.7390761,2487,1,1,1,1,COc1cccc2c1C(=O)c1c(O)c3c(c(O)c1C2=O)CC(O)(C(=O)CO)CC3OC1CC(N)C(O)C(C)O1,Cc1nc(Nc2ncc(C(=O)Nc3c(C)cccc3Cl)s2)cc(N2CCN(CCO)CC2)n1
DOXORUBICIN,ERLOTINIB,T47D,23.91141393,0.6930069,2532,1,0,0.122230656,1,COc1cccc2c1C(=O)c1c(O)c3c(c(O)c1C2=O)CC(O)(C(=O)CO)CC3OC1CC(N)C(O)C(C)O1,C#Cc1cccc(Nc2ncnc3cc(OCCOC)c(OCCOC)cc23)c1
DOXORUBICIN,LAPATINIB,T47D,42.3755568,0.7295271,2597,1,1,0.999999881,1,COc1cccc2c1C(=O)c1c(O)c3c(c(O)c1C2=O)CC(O)(C(=O)CO)CC3OC1CC(N)C(O)C(C)O1,CS(=O)(=O)CCNCc1ccc(-c2ccc3ncnc(Nc4ccc(OCc5cccc(F)c5)c(Cl)c4)c3c2)o1
DOXORUBICIN,MK-2206,T47D,35.67707513,0.7162782,2618,1,1,1,1,COc1cccc2c1C(=O)c1c(O)c3c(c(O)c1C2=O)CC(O)(C(=O)CO)CC3OC1CC(N)C(O)C(C)O1,NC1(c2ccc(-c3nc4ccn5c(=O)[nH]nc5c4cc3-c3ccccc3)cc2)CCC1
DOXORUBICIN,MK-4827,T47D,21.05152592,0.6873503,2644,1,0,1.06E-09,1,COc1cccc2c1C(=O)c1c(O)c3c(c(O)c1C2=O)CC(O)(C(=O)CO)CC3OC1CC(N)C(O)C(C)O1,NC(=O)c1cccc2cn(-c3ccc(C4CCCNC4)cc3)nc12
DOXORUBICIN,MK-8669,T47D,37.87194371,0.7206194,2693,1,1,1,1,COc1cccc2c1C(=O)c1c(O)c3c(c(O)c1C2=O)CC(O)(C(=O)CO)CC3OC1CC(N)C(O)C(C)O1,COC1CC2CCC(C)C(O)(O2)C(=O)C(=O)N2CCCCC2C(=O)OC(C(C)CC2CCC(OP(C)(C)=O)C(OC)C2)CC(=O)C(C)C=C(C)C(O)C(OC)C(=O)C(C)CC(C)C=CC=CC=C1C
DOXORUBICIN,MK-8776,T47D,-2.770384063,0.6402331,2719,0,1,0.998587906,0,COc1cccc2c1C(=O)c1c(O)c3c(c(O)c1C2=O)CC(O)(C(=O)CO)CC3OC1CC(N)C(O)C(C)O1,Cn1cc(-c2cnn3c(N)c(Br)c(C4CCCNC4)nc23)cn1
DOXORUBICIN,PD325901,T47D,11.75903266,0.6689708,2737,1,1,0.813957989,1,COc1cccc2c1C(=O)c1c(O)c3c(c(O)c1C2=O)CC(O)(C(=O)CO)CC3OC1CC(N)C(O)C(C)O1,O=C(NOCC(O)CO)c1ccc(F)c(F)c1Nc1ccc(I)cc1F
DOXORUBICIN,SORAFENIB,T47D,-2.845453918,0.6400846,2767,0,0,3.59E-11,0,COc1cccc2c1C(=O)c1c(O)c3c(c(O)c1C2=O)CC(O)(C(=O)CO)CC3OC1CC(N)C(O)C(C)O1,CNC(=O)c1cc(Oc2ccc(NC(=O)Nc3ccc(Cl)c(C(F)(F)F)c3)cc2)ccn1
DOXORUBICIN,SUNITINIB,T47D,-12.09784645,0.6217843,2795,0,0,2.15E-08,0,COc1cccc2c1C(=O)c1c(O)c3c(c(O)c1C2=O)CC(O)(C(=O)CO)CC3OC1CC(N)C(O)C(C)O1,CCN(CC)CCNC(=O)c1c(C)[nH]c(C=C2C(=O)Nc3ccc(F)cc32)c1C
DOXORUBICIN,ZOLINZA,T47D,22.84665169,0.6909009,2838,1,1,1,1,COc1cccc2c1C(=O)c1c(O)c3c(c(O)c1C2=O)CC(O)(C(=O)CO)CC3OC1CC(N)C(O)C(C)O1,O=C(CCCCCCC(=O)Nc1ccccc1)NO
ERLOTINIB,ABT-888,T47D,-14.15331149,0.6177188,2858,0,0,3.57E-13,0,C#Cc1cccc(Nc2ncnc3cc(OCCOC)c(OCCOC)cc23)c1,CC1(c2nc3c(C(N)=O)cccc3[nH]2)CCCN1
ERLOTINIB,BEZ-235,T47D,141.790374,0.9261593,2888,1,1,1,1,C#Cc1cccc(Nc2ncnc3cc(OCCOC)c(OCCOC)cc23)c1,Cn1c(=O)n(-c2ccc(C(C)(C)C#N)cc2)c2c3cc(-c4cnc5ccccc5c4)ccc3ncc21
ERLOTINIB,BORTEZOMIB,T47D,-42.70233051,0.5612518,2913,0,0,2.47E-09,0,C#Cc1cccc(Nc2ncnc3cc(OCCOC)c(OCCOC)cc23)c1,CC(C)CC(NC(=O)C(Cc1ccccc1)NC(=O)c1cnccn1)B(O)O
ERLOTINIB,DASATINIB,T47D,18.30709922,0.6819222,2943,1,1,0.687720895,1,C#Cc1cccc(Nc2ncnc3cc(OCCOC)c(OCCOC)cc23)c1,Cc1nc(Nc2ncc(C(=O)Nc3c(C)cccc3Cl)s2)cc(N2CCN(CCO)CC2)n1
ERLOTINIB,DINACICLIB,T47D,-1.093565722,0.6435496,2961,0,0,0.001750033,0,C#Cc1cccc(Nc2ncnc3cc(OCCOC)c(OCCOC)cc23)c1,CCc1cnn2c(NCc3ccc[n+]([O-])c3)cc(N3CCCCC3CCO)nc12
ERLOTINIB,GELDANAMYCIN,T47D,14.68821763,0.6747644,2984,1,0,2.20E-05,1,C#Cc1cccc(Nc2ncnc3cc(OCCOC)c(OCCOC)cc23)c1,COC1=C2CC(C)CC(OC)C(O)C(C)C=C(C)C(OC(N)=O)C(OC)C=CC=C(C)C(=O)NC(=CC1=O)C2=O
ERLOTINIB,MK-8669,T47D,54.65479081,0.7538141,3013,1,1,0.999999762,1,C#Cc1cccc(Nc2ncnc3cc(OCCOC)c(OCCOC)cc23)c1,COC1CC2CCC(C)C(O)(O2)C(=O)C(=O)N2CCCCC2C(=O)OC(C(C)CC2CCC(OP(C)(C)=O)C(OC)C2)CC(=O)C(C)C=C(C)C(O)C(OC)C(=O)C(C)CC(C)C=CC=CC=C1C
ERLOTINIB,MK-8776,T47D,-10.08431033,0.6257669,3034,0,0,1.97E-05,0,C#Cc1cccc(Nc2ncnc3cc(OCCOC)c(OCCOC)cc23)c1,Cn1cc(-c2cnn3c(N)c(Br)c(C4CCCNC4)nc23)cn1
ERLOTINIB,PD325901,T47D,-32.78744411,0.5808624,3057,0,1,0.551283419,0,C#Cc1cccc(Nc2ncnc3cc(OCCOC)c(OCCOC)cc23)c1,O=C(NOCC(O)CO)c1ccc(F)c(F)c1Nc1ccc(I)cc1F
ERLOTINIB,SN-38,T47D,11.12311855,0.667713,3084,1,0,0.036923494,1,C#Cc1cccc(Nc2ncnc3cc(OCCOC)c(OCCOC)cc23)c1,CCc1c2c(nc3ccc(O)cc13)-c1cc3c(c(=O)n1C2)COC(=O)C3(O)CC
ERLOTINIB,TOPOTECAN,T47D,-8.418283418,0.6290621,3131,0,1,0.999599755,0,C#Cc1cccc(Nc2ncnc3cc(OCCOC)c(OCCOC)cc23)c1,CCC1(O)C(=O)OCc2c1cc1n(c2=O)Cc2cc3c(CN(C)C)c(O)ccc3nc2-1
ETOPOSIDE,ABT-888,T47D,19.26227749,0.6838114,3150,1,0,5.90E-06,1,COc1cc(C2c3cc4c(cc3C(OC3OC5COC(C)OC5C(O)C3O)C3COC(=O)C23)OCO4)cc(OC)c1O,CC1(c2nc3c(C(N)=O)cccc3[nH]2)CCCN1
ETOPOSIDE,AZD1775,T47D,-20.69843069,0.6047733,3172,0,1,0.623764932,0,COc1cc(C2c3cc4c(cc3C(OC3OC5COC(C)OC5C(O)C3O)C3COC(=O)C23)OCO4)cc(OC)c1O,C=CCn1c(=O)c2cnc(Nc3ccc(N4CCN(C)CC4)cc3)nc2n1-c1cccc(C(C)(C)O)n1
ETOPOSIDE,BEZ-235,T47D,101.6125542,0.8466917,3196,1,1,1,1,COc1cc(C2c3cc4c(cc3C(OC3OC5COC(C)OC5C(O)C3O)C3COC(=O)C23)OCO4)cc(OC)c1O,Cn1c(=O)n(-c2ccc(C(C)(C)C#N)cc2)c2c3cc(-c4cnc5ccccc5c4)ccc3ncc21
ETOPOSIDE,BORTEZOMIB,T47D,-19.80398812,0.6065424,3222,0,0,3.89E-13,0,COc1cc(C2c3cc4c(cc3C(OC3OC5COC(C)OC5C(O)C3O)C3COC(=O)C23)OCO4)cc(OC)c1O,CC(C)CC(NC(=O)C(Cc1ccccc1)NC(=O)c1cnccn1)B(O)O
ETOPOSIDE,DASATINIB,T47D,-19.09969407,0.6079354,3250,0,1,0.999178231,0,COc1cc(C2c3cc4c(cc3C(OC3OC5COC(C)OC5C(O)C3O)C3COC(=O)C23)OCO4)cc(OC)c1O,Cc1nc(Nc2ncc(C(=O)Nc3c(C)cccc3Cl)s2)cc(N2CCN(CCO)CC2)n1
ETOPOSIDE,DINACICLIB,T47D,-5.678191297,0.6344817,3270,0,0,1.65E-08,0,COc1cc(C2c3cc4c(cc3C(OC3OC5COC(C)OC5C(O)C3O)C3COC(=O)C23)OCO4)cc(OC)c1O,CCc1cnn2c(NCc3ccc[n+]([O-])c3)cc(N3CCCCC3CCO)nc12
ETOPOSIDE,ERLOTINIB,T47D,-9.409443094,0.6271017,3298,0,1,0.996809542,0,COc1cc(C2c3cc4c(cc3C(OC3OC5COC(C)OC5C(O)C3O)C3COC(=O)C23)OCO4)cc(OC)c1O,C#Cc1cccc(Nc2ncnc3cc(OCCOC)c(OCCOC)cc23)c1
ETOPOSIDE,GELDANAMYCIN,T47D,27.24545847,0.6996013,3322,1,0,0.000686882,1,COc1cc(C2c3cc4c(cc3C(OC3OC5COC(C)OC5C(O)C3O)C3COC(=O)C23)OCO4)cc(OC)c1O,COC1=C2CC(C)CC(OC)C(O)C(C)C=C(C)C(OC(N)=O)C(OC)C=CC=C(C)C(=O)NC(=CC1=O)C2=O
ETOPOSIDE,LAPATINIB,T47D,-7.076746444,0.6317155,3347,0,1,0.989979148,0,COc1cc(C2c3cc4c(cc3C(OC3OC5COC(C)OC5C(O)C3O)C3COC(=O)C23)OCO4)cc(OC)c1O,CS(=O)(=O)CCNCc1ccc(-c2ccc3ncnc(Nc4ccc(OCc5cccc(F)c5)c(Cl)c4)c3c2)o1
ETOPOSIDE,MK-4827,T47D,-30.71348163,0.5849645,3397,0,0,0.000116346,0,COc1cc(C2c3cc4c(cc3C(OC3OC5COC(C)OC5C(O)C3O)C3COC(=O)C23)OCO4)cc(OC)c1O,NC(=O)c1cccc2cn(-c3ccc(C4CCCNC4)cc3)nc12
ETOPOSIDE,MK-5108,T47D,-6.895642225,0.6320737,3422,0,0,0.000263343,0,COc1cc(C2c3cc4c(cc3C(OC3OC5COC(C)OC5C(O)C3O)C3COC(=O)C23)OCO4)cc(OC)c1O,O=C(O)C1(Cc2cccc(Nc3nccs3)n2)CCC(Oc2cccc(Cl)c2F)CC1
ETOPOSIDE,MK-8669,T47D,10.68281825,0.6668421,3445,1,1,0.999724925,1,COc1cc(C2c3cc4c(cc3C(OC3OC5COC(C)OC5C(O)C3O)C3COC(=O)C23)OCO4)cc(OC)c1O,COC1CC2CCC(C)C(O)(O2)C(=O)C(=O)N2CCCCC2C(=O)OC(C(C)CC2CCC(OP(C)(C)=O)C(OC)C2)CC(=O)C(C)C=C(C)C(O)C(OC)C(=O)C(C)CC(C)C=CC=CC=C1C
ETOPOSIDE,MK-8776,T47D,-29.18931096,0.5879792,3466,0,0,0.178060859,0,COc1cc(C2c3cc4c(cc3C(OC3OC5COC(C)OC5C(O)C3O)C3COC(=O)C23)OCO4)cc(OC)c1O,Cn1cc(-c2cnn3c(N)c(Br)c(C4CCCNC4)nc23)cn1
ETOPOSIDE,PD325901,T47D,33.34594771,0.7116674,3493,1,1,0.922763765,1,COc1cc(C2c3cc4c(cc3C(OC3OC5COC(C)OC5C(O)C3O)C3COC(=O)C23)OCO4)cc(OC)c1O,O=C(NOCC(O)CO)c1ccc(F)c(F)c1Nc1ccc(I)cc1F
ETOPOSIDE,SORAFENIB,T47D,-12.4278492,0.6211316,3515,0,0,1.72E-09,0,COc1cc(C2c3cc4c(cc3C(OC3OC5COC(C)OC5C(O)C3O)C3COC(=O)C23)OCO4)cc(OC)c1O,CNC(=O)c1cc(Oc2ccc(NC(=O)Nc3ccc(Cl)c(C(F)(F)F)c3)cc2)ccn1
ETOPOSIDE,SUNITINIB,T47D,-26.44624539,0.5934047,3533,0,0,0.005858031,0,COc1cc(C2c3cc4c(cc3C(OC3OC5COC(C)OC5C(O)C3O)C3COC(=O)C23)OCO4)cc(OC)c1O,CCN(CC)CCNC(=O)c1c(C)[nH]c(C=C2C(=O)Nc3ccc(F)cc32)c1C
ETOPOSIDE,TEMOZOLOMIDE,T47D,-27.82829749,0.5906711,3556,0,0,0.097268775,0,COc1cc(C2c3cc4c(cc3C(OC3OC5COC(C)OC5C(O)C3O)C3COC(=O)C23)OCO4)cc(OC)c1O,Cn1nnc2c(C(N)=O)ncn2c1=O
ETOPOSIDE,ZOLINZA,T47D,25.24241347,0.6956395,3577,1,1,0.999876857,1,COc1cc(C2c3cc4c(cc3C(OC3OC5COC(C)OC5C(O)C3O)C3COC(=O)C23)OCO4)cc(OC)c1O,O=C(CCCCCCC(=O)Nc1ccccc1)NO
GELDANAMYCIN,BEZ-235,T47D,155.3899654,0.9530579,3602,1,1,1,1,COC1=C2CC(C)CC(OC)C(O)C(C)C=C(C)C(OC(N)=O)C(OC)C=CC=C(C)C(=O)NC(=CC1=O)C2=O,Cn1c(=O)n(-c2ccc(C(C)(C)C#N)cc2)c2c3cc(-c4cnc5ccccc5c4)ccc3ncc21
GELDANAMYCIN,DINACICLIB,T47D,-39.85034847,0.5668927,3620,0,0,4.77E-06,0,COC1=C2CC(C)CC(OC)C(O)C(C)C=C(C)C(OC(N)=O)C(OC)C=CC=C(C)C(=O)NC(=CC1=O)C2=O,CCc1cnn2c(NCc3ccc[n+]([O-])c3)cc(N3CCCCC3CCO)nc12
GELDANAMYCIN,MK-8776,T47D,-34.98235241,0.5765211,3647,0,0,1.19E-09,0,COC1=C2CC(C)CC(OC)C(O)C(C)C=C(C)C(OC(N)=O)C(OC)C=CC=C(C)C(=O)NC(=CC1=O)C2=O,Cn1cc(-c2cnn3c(N)c(Br)c(C4CCCNC4)nc23)cn1
GELDANAMYCIN,SN-38,T47D,10.77505243,0.6670245,3669,1,1,0.903778076,1,COC1=C2CC(C)CC(OC)C(O)C(C)C=C(C)C(OC(N)=O)C(OC)C=CC=C(C)C(=O)NC(=CC1=O)C2=O,CCc1c2c(nc3ccc(O)cc13)-c1cc3c(c(=O)n1C2)COC(=O)C3(O)CC
GEMCITABINE,ABT-888,T47D,-2.733624055,0.6403058,3740,0,0,0.162168652,0,Nc1ccn(C2OC(CO)C(O)C2(F)F)c(=O)n1,CC1(c2nc3c(C(N)=O)cccc3[nH]2)CCCN1
GEMCITABINE,AZD1775,T47D,17.64470274,0.680612,3767,1,1,0.864382744,1,Nc1ccn(C2OC(CO)C(O)C2(F)F)c(=O)n1,C=CCn1c(=O)c2cnc(Nc3ccc(N4CCN(C)CC4)cc3)nc2n1-c1cccc(C(C)(C)O)n1
GEMCITABINE,BEZ-235,T47D,46.29499521,0.7372793,3791,1,1,1,1,Nc1ccn(C2OC(CO)C(O)C2(F)F)c(=O)n1,Cn1c(=O)n(-c2ccc(C(C)(C)C#N)cc2)c2c3cc(-c4cnc5ccccc5c4)ccc3ncc21
GEMCITABINE,BORTEZOMIB,T47D,-12.46561222,0.6210569,3817,0,0,1.34E-23,0,Nc1ccn(C2OC(CO)C(O)C2(F)F)c(=O)n1,CC(C)CC(NC(=O)C(Cc1ccccc1)NC(=O)c1cnccn1)B(O)O
GEMCITABINE,DINACICLIB,T47D,-9.760319829,0.6264077,3868,0,0,3.35E-16,0,Nc1ccn(C2OC(CO)C(O)C2(F)F)c(=O)n1,CCc1cnn2c(NCc3ccc[n+]([O-])c3)cc(N3CCCCC3CCO)nc12
GEMCITABINE,ERLOTINIB,T47D,-7.539089985,0.6308011,3889,0,0,0.185009018,0,Nc1ccn(C2OC(CO)C(O)C2(F)F)c(=O)n1,C#Cc1cccc(Nc2ncnc3cc(OCCOC)c(OCCOC)cc23)c1
GEMCITABINE,GELDANAMYCIN,T47D,-20.38756712,0.6053881,3916,0,1,0.999387264,0,Nc1ccn(C2OC(CO)C(O)C2(F)F)c(=O)n1,COC1=C2CC(C)CC(OC)C(O)C(C)C=C(C)C(OC(N)=O)C(OC)C=CC=C(C)C(=O)NC(=CC1=O)C2=O
GEMCITABINE,LAPATINIB,T47D,-1.186160316,0.6433665,3939,0,0,0.092831552,0,Nc1ccn(C2OC(CO)C(O)C2(F)F)c(=O)n1,CS(=O)(=O)CCNCc1ccc(-c2ccc3ncnc(Nc4ccc(OCc5cccc(F)c5)c(Cl)c4)c3c2)o1
GEMCITABINE,MK-2206,T47D,17.03344245,0.679403,3961,1,1,0.735791028,1,Nc1ccn(C2OC(CO)C(O)C2(F)F)c(=O)n1,NC1(c2ccc(-c3nc4ccn5c(=O)[nH]nc5c4cc3-c3ccccc3)cc2)CCC1
GEMCITABINE,MK-4827,T47D,-9.732035448,0.6264636,3977,0,0,0.000117996,0,Nc1ccn(C2OC(CO)C(O)C2(F)F)c(=O)n1,NC(=O)c1cccc2cn(-c3ccc(C4CCCNC4)cc3)nc12
GEMCITABINE,MK-8776,T47D,20.99778891,0.6872441,4046,1,1,0.972003758,1,Nc1ccn(C2OC(CO)C(O)C2(F)F)c(=O)n1,Cn1cc(-c2cnn3c(N)c(Br)c(C4CCCNC4)nc23)cn1
GEMCITABINE,SORAFENIB,T47D,-11.98307103,0.6220113,4095,0,0,2.69E-15,0,Nc1ccn(C2OC(CO)C(O)C2(F)F)c(=O)n1,CNC(=O)c1cc(Oc2ccc(NC(=O)Nc3ccc(Cl)c(C(F)(F)F)c3)cc2)ccn1
GEMCITABINE,SUNITINIB,T47D,-10.59709445,0.6247526,4113,0,0,6.72E-07,0,Nc1ccn(C2OC(CO)C(O)C2(F)F)c(=O)n1,CCN(CC)CCNC(=O)c1c(C)[nH]c(C=C2C(=O)Nc3ccc(F)cc32)c1C
L778123,ABT-888,T47D,-17.30650985,0.6114821,4146,0,0,0.00024533,0,N#Cc1ccc(Cn2cncc2CN2CCN(c3cccc(Cl)c3)C(=O)C2)cc1,CC1(c2nc3c(C(N)=O)cccc3[nH]2)CCCN1
L778123,AZD1775,T47D,-7.370101776,0.6311353,4173,0,0,2.42E-05,0,N#Cc1ccc(Cn2cncc2CN2CCN(c3cccc(Cl)c3)C(=O)C2)cc1,C=CCn1c(=O)c2cnc(Nc3ccc(N4CCN(C)CC4)cc3)nc2n1-c1cccc(C(C)(C)O)n1
L778123,BEZ-235,T47D,100.7168772,0.8449202,4202,1,1,1,1,N#Cc1ccc(Cn2cncc2CN2CCN(c3cccc(Cl)c3)C(=O)C2)cc1,Cn1c(=O)n(-c2ccc(C(C)(C)C#N)cc2)c2c3cc(-c4cnc5ccccc5c4)ccc3ncc21
L778123,BORTEZOMIB,T47D,-18.88599842,0.6083581,4227,0,0,3.48E-12,0,N#Cc1ccc(Cn2cncc2CN2CCN(c3cccc(Cl)c3)C(=O)C2)cc1,CC(C)CC(NC(=O)C(Cc1ccccc1)NC(=O)c1cnccn1)B(O)O
L778123,DASATINIB,T47D,31.75982728,0.7085303,4257,1,0,0.078594185,1,N#Cc1ccc(Cn2cncc2CN2CCN(c3cccc(Cl)c3)C(=O)C2)cc1,Cc1nc(Nc2ncc(C(=O)Nc3c(C)cccc3Cl)s2)cc(N2CCN(CCO)CC2)n1
L778123,DINACICLIB,T47D,-11.03031711,0.6238958,4270,0,0,3.15E-07,0,N#Cc1ccc(Cn2cncc2CN2CCN(c3cccc(Cl)c3)C(=O)C2)cc1,CCc1cnn2c(NCc3ccc[n+]([O-])c3)cc(N3CCCCC3CCO)nc12
L778123,ERLOTINIB,T47D,-12.12386768,0.6217328,4291,0,0,0.00153911,0,N#Cc1ccc(Cn2cncc2CN2CCN(c3cccc(Cl)c3)C(=O)C2)cc1,C#Cc1cccc(Nc2ncnc3cc(OCCOC)c(OCCOC)cc23)c1
L778123,GELDANAMYCIN,T47D,-3.749419951,0.6382966,4330,0,1,0.999995232,0,N#Cc1ccc(Cn2cncc2CN2CCN(c3cccc(Cl)c3)C(=O)C2)cc1,COC1=C2CC(C)CC(OC)C(O)C(C)C=C(C)C(OC(N)=O)C(OC)C=CC=C(C)C(=O)NC(=CC1=O)C2=O
L778123,GEMCITABINE,T47D,-8.51844122,0.628864,4350,0,0,3.78E-15,0,N#Cc1ccc(Cn2cncc2CN2CCN(c3cccc(Cl)c3)C(=O)C2)cc1,Nc1ccn(C2OC(CO)C(O)C2(F)F)c(=O)n1
L778123,MK-2206,T47D,14.58880263,0.6745677,4401,1,1,0.684237719,1,N#Cc1ccc(Cn2cncc2CN2CCN(c3cccc(Cl)c3)C(=O)C2)cc1,NC1(c2ccc(-c3nc4ccn5c(=O)[nH]nc5c4cc3-c3ccccc3)cc2)CCC1
L778123,MK-5108,T47D,-9.012630935,0.6278866,4440,0,0,0.000536624,0,N#Cc1ccc(Cn2cncc2CN2CCN(c3cccc(Cl)c3)C(=O)C2)cc1,O=C(O)C1(Cc2cccc(Nc3nccs3)n2)CCC(Oc2cccc(Cl)c2F)CC1
L778123,MK-8669,T47D,40.04916007,0.7249257,4481,1,1,0.999999881,1,N#Cc1ccc(Cn2cncc2CN2CCN(c3cccc(Cl)c3)C(=O)C2)cc1,COC1CC2CCC(C)C(O)(O2)C(=O)C(=O)N2CCCCC2C(=O)OC(C(C)CC2CCC(OP(C)(C)=O)C(OC)C2)CC(=O)C(C)C=C(C)C(O)C(OC)C(=O)C(C)CC(C)C=CC=CC=C1C
L778123,MK-8776,T47D,-3.498935788,0.6387921,4502,0,0,1.67E-08,0,N#Cc1ccc(Cn2cncc2CN2CCN(c3cccc(Cl)c3)C(=O)C2)cc1,Cn1cc(-c2cnn3c(N)c(Br)c(C4CCCNC4)nc23)cn1
L778123,PD325901,T47D,-14.86371545,0.6163137,4527,0,1,0.999795973,0,N#Cc1ccc(Cn2cncc2CN2CCN(c3cccc(Cl)c3)C(=O)C2)cc1,O=C(NOCC(O)CO)c1ccc(F)c(F)c1Nc1ccc(I)cc1F
L778123,TEMOZOLOMIDE,T47D,-31.683189,0.5830465,4592,0,0,4.22E-08,0,N#Cc1ccc(Cn2cncc2CN2CCN(c3cccc(Cl)c3)C(=O)C2)cc1,Cn1nnc2c(C(N)=O)ncn2c1=O
L778123,VINORELBINE,T47D,-8.7099148,0.6284853,4634,0,0,7.03E-11,0,N#Cc1ccc(Cn2cncc2CN2CCN(c3cccc(Cl)c3)C(=O)C2)cc1,CCC1=CC2CN(C1)Cc1c([nH]c3ccccc13)C(C(=O)OC)(c1cc3c(cc1OC)N(C)C1C(O)(C(=O)OC)C(OC(C)=O)C4(CC)C=CCN5CCC31C54)C2
LAPATINIB,BEZ-235,T47D,158.1723247,0.9585611,4704,1,1,1,1,CS(=O)(=O)CCNCc1ccc(-c2ccc3ncnc(Nc4ccc(OCc5cccc(F)c5)c(Cl)c4)c3c2)o1,Cn1c(=O)n(-c2ccc(C(C)(C)C#N)cc2)c2c3cc(-c4cnc5ccccc5c4)ccc3ncc21
LAPATINIB,BORTEZOMIB,T47D,-31.40365846,0.5835994,4731,0,0,6.10E-08,0,CS(=O)(=O)CCNCc1ccc(-c2ccc3ncnc(Nc4ccc(OCc5cccc(F)c5)c(Cl)c4)c3c2)o1,CC(C)CC(NC(=O)C(Cc1ccccc1)NC(=O)c1cnccn1)B(O)O
LAPATINIB,DASATINIB,T47D,31.24126538,0.7075046,4757,1,0,0.000383001,1,CS(=O)(=O)CCNCc1ccc(-c2ccc3ncnc(Nc4ccc(OCc5cccc(F)c5)c(Cl)c4)c3c2)o1,Cc1nc(Nc2ncc(C(=O)Nc3c(C)cccc3Cl)s2)cc(N2CCN(CCO)CC2)n1
LAPATINIB,DINACICLIB,T47D,-4.358456595,0.637092,4779,0,0,2.08E-06,0,CS(=O)(=O)CCNCc1ccc(-c2ccc3ncnc(Nc4ccc(OCc5cccc(F)c5)c(Cl)c4)c3c2)o1,CCc1cnn2c(NCc3ccc[n+]([O-])c3)cc(N3CCCCC3CCO)nc12
LAPATINIB,ERLOTINIB,T47D,-14.77734431,0.6164845,4807,0,0,9.02E-05,0,CS(=O)(=O)CCNCc1ccc(-c2ccc3ncnc(Nc4ccc(OCc5cccc(F)c5)c(Cl)c4)c3c2)o1,C#Cc1cccc(Nc2ncnc3cc(OCCOC)c(OCCOC)cc23)c1
LAPATINIB,GELDANAMYCIN,T47D,-31.4758658,0.5834566,4832,0,0,0.01593517,0,CS(=O)(=O)CCNCc1ccc(-c2ccc3ncnc(Nc4ccc(OCc5cccc(F)c5)c(Cl)c4)c3c2)o1,COC1=C2CC(C)CC(OC)C(O)C(C)C=C(C)C(OC(N)=O)C(OC)C=CC=C(C)C(=O)NC(=CC1=O)C2=O
LAPATINIB,MK-2206,T47D,-3.248353707,0.6392877,4871,0,1,0.752237916,0,CS(=O)(=O)CCNCc1ccc(-c2ccc3ncnc(Nc4ccc(OCc5cccc(F)c5)c(Cl)c4)c3c2)o1,NC1(c2ccc(-c3nc4ccn5c(=O)[nH]nc5c4cc3-c3ccccc3)cc2)CCC1
LAPATINIB,MK-4827,T47D,-6.963796075,0.6319389,4898,0,0,0.094430953,0,CS(=O)(=O)CCNCc1ccc(-c2ccc3ncnc(Nc4ccc(OCc5cccc(F)c5)c(Cl)c4)c3c2)o1,NC(=O)c1cccc2cn(-c3ccc(C4CCCNC4)cc3)nc12
LAPATINIB,MK-5108,T47D,-2.863805111,0.6400483,4918,0,1,0.61896944,0,CS(=O)(=O)CCNCc1ccc(-c2ccc3ncnc(Nc4ccc(OCc5cccc(F)c5)c(Cl)c4)c3c2)o1,O=C(O)C1(Cc2cccc(Nc3nccs3)n2)CCC(Oc2cccc(Cl)c2F)CC1
LAPATINIB,MK-8669,T47D,15.3581562,0.6760894,4945,1,1,0.913310468,1,CS(=O)(=O)CCNCc1ccc(-c2ccc3ncnc(Nc4ccc(OCc5cccc(F)c5)c(Cl)c4)c3c2)o1,COC1CC2CCC(C)C(O)(O2)C(=O)C(=O)N2CCCCC2C(=O)OC(C(C)CC2CCC(OP(C)(C)=O)C(OC)C2)CC(=O)C(C)C=C(C)C(O)C(OC)C(=O)C(C)CC(C)C=CC=CC=C1C
LAPATINIB,MK-8776,T47D,-62.11176396,0.522862,4968,0,0,3.93E-09,0,CS(=O)(=O)CCNCc1ccc(-c2ccc3ncnc(Nc4ccc(OCc5cccc(F)c5)c(Cl)c4)c3c2)o1,Cn1cc(-c2cnn3c(N)c(Br)c(C4CCCNC4)nc23)cn1
LAPATINIB,PD325901,T47D,58.83005465,0.7620724,4992,1,1,0.983297944,1,CS(=O)(=O)CCNCc1ccc(-c2ccc3ncnc(Nc4ccc(OCc5cccc(F)c5)c(Cl)c4)c3c2)o1,O=C(NOCC(O)CO)c1ccc(F)c(F)c1Nc1ccc(I)cc1F
LAPATINIB,TOPOTECAN,T47D,-5.738539865,0.6343624,5065,0,1,0.98088479,0,CS(=O)(=O)CCNCc1ccc(-c2ccc3ncnc(Nc4ccc(OCc5cccc(F)c5)c(Cl)c4)c3c2)o1,CCC1(O)C(=O)OCc2c1cc1n(c2=O)Cc2cc3c(CN(C)C)c(O)ccc3nc2-1
METFORMIN,ABT-888,T47D,-24.07164482,0.5981014,5089,0,0,0.429206342,0,CN(C)C(=N)N=C(N)N,CC1(c2nc3c(C(N)=O)cccc3[nH]2)CCCN1
METFORMIN,BEZ-235,T47D,111.9594401,0.8671568,5125,1,1,1,1,CN(C)C(=N)N=C(N)N,Cn1c(=O)n(-c2ccc(C(C)(C)C#N)cc2)c2c3cc(-c4cnc5ccccc5c4)ccc3ncc21
METFORMIN,BORTEZOMIB,T47D,-8.762215376,0.6283818,5153,0,0,2.64E-10,0,CN(C)C(=N)N=C(N)N,CC(C)CC(NC(=O)C(Cc1ccccc1)NC(=O)c1cnccn1)B(O)O
METFORMIN,DASATINIB,T47D,13.13202974,0.6716864,5177,1,1,0.999946237,1,CN(C)C(=N)N=C(N)N,Cc1nc(Nc2ncc(C(=O)Nc3c(C)cccc3Cl)s2)cc(N2CCN(CCO)CC2)n1
METFORMIN,DINACICLIB,T47D,-6.443326753,0.6329684,5196,0,1,0.619939446,0,CN(C)C(=N)N=C(N)N,CCc1cnn2c(NCc3ccc[n+]([O-])c3)cc(N3CCCCC3CCO)nc12
METFORMIN,ERLOTINIB,T47D,22.87497244,0.6909569,5215,1,0,0.037210204,1,CN(C)C(=N)N=C(N)N,C#Cc1cccc(Nc2ncnc3cc(OCCOC)c(OCCOC)cc23)c1
METFORMIN,GELDANAMYCIN,T47D,-8.033921487,0.6298223,5241,0,0,0.004631722,0,CN(C)C(=N)N=C(N)N,COC1=C2CC(C)CC(OC)C(O)C(C)C=C(C)C(OC(N)=O)C(OC)C=CC=C(C)C(=O)NC(=CC1=O)C2=O
METFORMIN,L778123,T47D,12.05778012,0.6695616,5254,1,1,1,1,CN(C)C(=N)N=C(N)N,N#Cc1ccc(Cn2cncc2CN2CCN(c3cccc(Cl)c3)C(=O)C2)cc1
METFORMIN,LAPATINIB,T47D,19.05652615,0.6834044,5276,1,1,0.999987841,1,CN(C)C(=N)N=C(N)N,CS(=O)(=O)CCNCc1ccc(-c2ccc3ncnc(Nc4ccc(OCc5cccc(F)c5)c(Cl)c4)c3c2)o1
METFORMIN,MK-2206,T47D,51.18416682,0.7469496,5293,1,0,0.303049415,1,CN(C)C(=N)N=C(N)N,NC1(c2ccc(-c3nc4ccn5c(=O)[nH]nc5c4cc3-c3ccccc3)cc2)CCC1
METFORMIN,MK-4827,T47D,22.79469315,0.6907981,5307,1,0,0.007431704,1,CN(C)C(=N)N=C(N)N,NC(=O)c1cccc2cn(-c3ccc(C4CCCNC4)cc3)nc12
METFORMIN,MK-5108,T47D,31.27231388,0.707566,5321,1,1,0.998152435,1,CN(C)C(=N)N=C(N)N,O=C(O)C1(Cc2cccc(Nc3nccs3)n2)CCC(Oc2cccc(Cl)c2F)CC1
METFORMIN,MK-8669,T47D,54.12675087,0.7527697,5339,1,1,0.999995232,1,CN(C)C(=N)N=C(N)N,COC1CC2CCC(C)C(O)(O2)C(=O)C(=O)N2CCCCC2C(=O)OC(C(C)CC2CCC(OP(C)(C)=O)C(OC)C2)CC(=O)C(C)C=C(C)C(O)C(OC)C(=O)C(C)CC(C)C=CC=CC=C1C
METFORMIN,MK-8776,T47D,10.84748484,0.6671678,5358,1,0,4.15E-05,1,CN(C)C(=N)N=C(N)N,Cn1cc(-c2cnn3c(N)c(Br)c(C4CCCNC4)nc23)cn1
METFORMIN,SUNITINIB,T47D,18.87622403,0.6830478,5408,1,1,0.996700227,1,CN(C)C(=N)N=C(N)N,CCN(CC)CCNC(=O)c1c(C)[nH]c(C=C2C(=O)Nc3ccc(F)cc32)c1C
METFORMIN,TEMOZOLOMIDE,T47D,-2.049060818,0.6416598,5433,0,0,5.73E-06,0,CN(C)C(=N)N=C(N)N,Cn1nnc2c(C(N)=O)ncn2c1=O
METFORMIN,ZOLINZA,T47D,55.63110511,0.7557452,5445,1,1,0.998830378,1,CN(C)C(=N)N=C(N)N,O=C(CCCCCCC(=O)Nc1ccccc1)NO
METHOTREXATE,ABT-888,T47D,-31.86794075,0.5826811,5469,0,0,3.18E-09,0,CN(Cc1cnc2nc(N)nc(N)c2n1)c1ccc(C(=O)NC(CCC(=O)O)C(=O)O)cc1,CC1(c2nc3c(C(N)=O)cccc3[nH]2)CCCN1
METHOTREXATE,AZD1775,T47D,-13.49902402,0.6190129,5494,0,0,1.97E-12,0,CN(Cc1cnc2nc(N)nc(N)c2n1)c1ccc(C(=O)NC(CCC(=O)O)C(=O)O)cc1,C=CCn1c(=O)c2cnc(Nc3ccc(N4CCN(C)CC4)cc3)nc2n1-c1cccc(C(C)(C)O)n1
METHOTREXATE,BEZ-235,T47D,35.74583505,0.7164142,5520,1,0,0.005384925,1,CN(Cc1cnc2nc(N)nc(N)c2n1)c1ccc(C(=O)NC(CCC(=O)O)C(=O)O)cc1,Cn1c(=O)n(-c2ccc(C(C)(C)C#N)cc2)c2c3cc(-c4cnc5ccccc5c4)ccc3ncc21
METHOTREXATE,BORTEZOMIB,T47D,-34.99574126,0.5764946,5551,0,0,8.16E-17,0,CN(Cc1cnc2nc(N)nc(N)c2n1)c1ccc(C(=O)NC(CCC(=O)O)C(=O)O)cc1,CC(C)CC(NC(=O)C(Cc1ccccc1)NC(=O)c1cnccn1)B(O)O
METHOTREXATE,DINACICLIB,T47D,-25.36621389,0.5955409,5602,0,0,7.16E-24,0,CN(Cc1cnc2nc(N)nc(N)c2n1)c1ccc(C(=O)NC(CCC(=O)O)C(=O)O)cc1,CCc1cnn2c(NCc3ccc[n+]([O-])c3)cc(N3CCCCC3CCO)nc12
METHOTREXATE,ERLOTINIB,T47D,-16.00668607,0.614053,5626,0,0,0.017504701,0,CN(Cc1cnc2nc(N)nc(N)c2n1)c1ccc(C(=O)NC(CCC(=O)O)C(=O)O)cc1,C#Cc1cccc(Nc2ncnc3cc(OCCOC)c(OCCOC)cc23)c1
METHOTREXATE,GELDANAMYCIN,T47D,-23.87788965,0.5984846,5654,0,0,6.82E-13,0,CN(Cc1cnc2nc(N)nc(N)c2n1)c1ccc(C(=O)NC(CCC(=O)O)C(=O)O)cc1,COC1=C2CC(C)CC(OC)C(O)C(C)C=C(C)C(OC(N)=O)C(OC)C=CC=C(C)C(=O)NC(=CC1=O)C2=O
METHOTREXATE,L778123,T47D,-24.69357717,0.5968713,5682,0,0,7.97E-09,0,CN(Cc1cnc2nc(N)nc(N)c2n1)c1ccc(C(=O)NC(CCC(=O)O)C(=O)O)cc1,N#Cc1ccc(Cn2cncc2CN2CCN(c3cccc(Cl)c3)C(=O)C2)cc1
METHOTREXATE,LAPATINIB,T47D,-5.786565321,0.6342674,5704,0,0,2.29E-06,0,CN(Cc1cnc2nc(N)nc(N)c2n1)c1ccc(C(=O)NC(CCC(=O)O)C(=O)O)cc1,CS(=O)(=O)CCNCc1ccc(-c2ccc3ncnc(Nc4ccc(OCc5cccc(F)c5)c(Cl)c4)c3c2)o1
METHOTREXATE,MK-2206,T47D,-15.26166404,0.6155266,5726,0,0,0.003964356,0,CN(Cc1cnc2nc(N)nc(N)c2n1)c1ccc(C(=O)NC(CCC(=O)O)C(=O)O)cc1,NC1(c2ccc(-c3nc4ccn5c(=O)[nH]nc5c4cc3-c3ccccc3)cc2)CCC1
METHOTREXATE,MK-4827,T47D,-6.913793863,0.6320378,5754,0,0,5.23E-05,0,CN(Cc1cnc2nc(N)nc(N)c2n1)c1ccc(C(=O)NC(CCC(=O)O)C(=O)O)cc1,NC(=O)c1cccc2cn(-c3ccc(C4CCCNC4)cc3)nc12
METHOTREXATE,MK-8669,T47D,-20.05299688,0.6060499,5807,0,0,4.58E-08,0,CN(Cc1cnc2nc(N)nc(N)c2n1)c1ccc(C(=O)NC(CCC(=O)O)C(=O)O)cc1,COC1CC2CCC(C)C(O)(O2)C(=O)C(=O)N2CCCCC2C(=O)OC(C(C)CC2CCC(OP(C)(C)=O)C(OC)C2)CC(=O)C(C)C=C(C)C(O)C(OC)C(=O)C(C)CC(C)C=CC=CC=C1C
METHOTREXATE,MK-8776,T47D,-40.17065284,0.5662592,5830,0,0,6.60E-20,0,CN(Cc1cnc2nc(N)nc(N)c2n1)c1ccc(C(=O)NC(CCC(=O)O)C(=O)O)cc1,Cn1cc(-c2cnn3c(N)c(Br)c(C4CCCNC4)nc23)cn1
METHOTREXATE,PD325901,T47D,-10.52128058,0.6249026,5859,0,0,0.000645332,0,CN(Cc1cnc2nc(N)nc(N)c2n1)c1ccc(C(=O)NC(CCC(=O)O)C(=O)O)cc1,O=C(NOCC(O)CO)c1ccc(F)c(F)c1Nc1ccc(I)cc1F
METHOTREXATE,SORAFENIB,T47D,-13.62342347,0.6187669,5887,0,0,7.45E-09,0,CN(Cc1cnc2nc(N)nc(N)c2n1)c1ccc(C(=O)NC(CCC(=O)O)C(=O)O)cc1,CNC(=O)c1cc(Oc2ccc(NC(=O)Nc3ccc(Cl)c(C(F)(F)F)c3)cc2)ccn1
METHOTREXATE,SUNITINIB,T47D,-17.10641241,0.6118779,5917,0,0,2.17E-11,0,CN(Cc1cnc2nc(N)nc(N)c2n1)c1ccc(C(=O)NC(CCC(=O)O)C(=O)O)cc1,CCN(CC)CCNC(=O)c1c(C)[nH]c(C=C2C(=O)Nc3ccc(F)cc32)c1C
METHOTREXATE,TEMOZOLOMIDE,T47D,-70.76787863,0.5057411,5946,0,0,5.92E-16,0,CN(Cc1cnc2nc(N)nc(N)c2n1)c1ccc(C(=O)NC(CCC(=O)O)C(=O)O)cc1,Cn1nnc2c(C(N)=O)ncn2c1=O
METHOTREXATE,ZOLINZA,T47D,-27.68509706,0.5909543,5977,0,0,3.52E-10,0,CN(Cc1cnc2nc(N)nc(N)c2n1)c1ccc(C(=O)NC(CCC(=O)O)C(=O)O)cc1,O=C(CCCCCCC(=O)Nc1ccccc1)NO
MITOMYCINE,ABT-888,T47D,-22.77339723,0.6006692,5994,0,0,2.90E-05,0,COC12C(COC(N)=O)C3=C(C(=O)C(C)=C(N)C3=O)N1CC1NC12,CC1(c2nc3c(C(N)=O)cccc3[nH]2)CCCN1
MITOMYCINE,AZD1775,T47D,-4.034355318,0.6377331,6011,0,0,0.052650794,0,COC12C(COC(N)=O)C3=C(C(=O)C(C)=C(N)C3=O)N1CC1NC12,C=CCn1c(=O)c2cnc(Nc3ccc(N4CCN(C)CC4)cc3)nc2n1-c1cccc(C(C)(C)O)n1
MITOMYCINE,BEZ-235,T47D,113.434362,0.870074,6038,1,1,1,1,COC12C(COC(N)=O)C3=C(C(=O)C(C)=C(N)C3=O)N1CC1NC12,Cn1c(=O)n(-c2ccc(C(C)(C)C#N)cc2)c2c3cc(-c4cnc5ccccc5c4)ccc3ncc21
MITOMYCINE,BORTEZOMIB,T47D,-32.00631903,0.5824074,6064,0,0,5.53E-13,0,COC12C(COC(N)=O)C3=C(C(=O)C(C)=C(N)C3=O)N1CC1NC12,CC(C)CC(NC(=O)C(Cc1ccccc1)NC(=O)c1cnccn1)B(O)O
MITOMYCINE,DASATINIB,T47D,19.53261314,0.6843461,6093,1,1,0.733163059,1,COC12C(COC(N)=O)C3=C(C(=O)C(C)=C(N)C3=O)N1CC1NC12,Cc1nc(Nc2ncc(C(=O)Nc3c(C)cccc3Cl)s2)cc(N2CCN(CCO)CC2)n1
MITOMYCINE,DINACICLIB,T47D,-24.55322948,0.5971489,6109,0,0,0.000135874,0,COC12C(COC(N)=O)C3=C(C(=O)C(C)=C(N)C3=O)N1CC1NC12,CCc1cnn2c(NCc3ccc[n+]([O-])c3)cc(N3CCCCC3CCO)nc12
MITOMYCINE,ERLOTINIB,T47D,-10.70475206,0.6245397,6139,0,0,2.09E-05,0,COC12C(COC(N)=O)C3=C(C(=O)C(C)=C(N)C3=O)N1CC1NC12,C#Cc1cccc(Nc2ncnc3cc(OCCOC)c(OCCOC)cc23)c1
MITOMYCINE,GELDANAMYCIN,T47D,-22.32412488,0.6015578,6164,0,0,6.36E-08,0,COC12C(COC(N)=O)C3=C(C(=O)C(C)=C(N)C3=O)N1CC1NC12,COC1=C2CC(C)CC(OC)C(O)C(C)C=C(C)C(OC(N)=O)C(OC)C=CC=C(C)C(=O)NC(=CC1=O)C2=O
MITOMYCINE,L778123,T47D,-16.40802121,0.6132592,6193,0,0,4.53E-08,0,COC12C(COC(N)=O)C3=C(C(=O)C(C)=C(N)C3=O)N1CC1NC12,N#Cc1ccc(Cn2cncc2CN2CCN(c3cccc(Cl)c3)C(=O)C2)cc1
MITOMYCINE,LAPATINIB,T47D,25.716355,0.6965769,6213,1,0,0.009439129,1,COC12C(COC(N)=O)C3=C(C(=O)C(C)=C(N)C3=O)N1CC1NC12,CS(=O)(=O)CCNCc1ccc(-c2ccc3ncnc(Nc4ccc(OCc5cccc(F)c5)c(Cl)c4)c3c2)o1
MITOMYCINE,MK-2206,T47D,14.84907295,0.6750825,6237,1,1,0.999821603,1,COC12C(COC(N)=O)C3=C(C(=O)C(C)=C(N)C3=O)N1CC1NC12,NC1(c2ccc(-c3nc4ccn5c(=O)[nH]nc5c4cc3-c3ccccc3)cc2)CCC1
MITOMYCINE,MK-5108,T47D,-32.34464212,0.5817382,6274,0,0,4.25E-18,0,COC12C(COC(N)=O)C3=C(C(=O)C(C)=C(N)C3=O)N1CC1NC12,O=C(O)C1(Cc2cccc(Nc3nccs3)n2)CCC(Oc2cccc(Cl)c2F)CC1
MITOMYCINE,MK-8776,T47D,-33.25056353,0.5799464,6334,0,0,4.49E-05,0,COC12C(COC(N)=O)C3=C(C(=O)C(C)=C(N)C3=O)N1CC1NC12,Cn1cc(-c2cnn3c(N)c(Br)c(C4CCCNC4)nc23)cn1
MITOMYCINE,PD325901,T47D,-6.072765694,0.6337013,6355,0,0,0.250831634,0,COC12C(COC(N)=O)C3=C(C(=O)C(C)=C(N)C3=O)N1CC1NC12,O=C(NOCC(O)CO)c1ccc(F)c(F)c1Nc1ccc(I)cc1F
MITOMYCINE,SORAFENIB,T47D,-21.2040547,0.6037732,6384,0,0,2.76E-10,0,COC12C(COC(N)=O)C3=C(C(=O)C(C)=C(N)C3=O)N1CC1NC12,CNC(=O)c1cc(Oc2ccc(NC(=O)Nc3ccc(Cl)c(C(F)(F)F)c3)cc2)ccn1
MITOMYCINE,SUNITINIB,T47D,-10.35950165,0.6252226,6402,0,0,8.62E-11,0,COC12C(COC(N)=O)C3=C(C(=O)C(C)=C(N)C3=O)N1CC1NC12,CCN(CC)CCNC(=O)c1c(C)[nH]c(C=C2C(=O)Nc3ccc(F)cc32)c1C
MITOMYCINE,TEMOZOLOMIDE,T47D,-62.58065467,0.5219345,6422,0,0,6.89E-06,0,COC12C(COC(N)=O)C3=C(C(=O)C(C)=C(N)C3=O)N1CC1NC12,Cn1nnc2c(C(N)=O)ncn2c1=O
MK-2206,ABT-888,T47D,-1.466143627,0.6428127,6458,0,0,0.181782678,0,NC1(c2ccc(-c3nc4ccn5c(=O)[nH]nc5c4cc3-c3ccccc3)cc2)CCC1,CC1(c2nc3c(C(N)=O)cccc3[nH]2)CCCN1
MK-2206,BEZ-235,T47D,84.54414889,0.8129322,6486,1,1,1,1,NC1(c2ccc(-c3nc4ccn5c(=O)[nH]nc5c4cc3-c3ccccc3)cc2)CCC1,Cn1c(=O)n(-c2ccc(C(C)(C)C#N)cc2)c2c3cc(-c4cnc5ccccc5c4)ccc3ncc21
MK-2206,BORTEZOMIB,T47D,-10.6691753,0.6246101,6510,0,0,1.97E-12,0,NC1(c2ccc(-c3nc4ccn5c(=O)[nH]nc5c4cc3-c3ccccc3)cc2)CCC1,CC(C)CC(NC(=O)C(Cc1ccccc1)NC(=O)c1cnccn1)B(O)O
MK-2206,DASATINIB,T47D,19.00673314,0.683306,6541,1,1,0.999987364,1,NC1(c2ccc(-c3nc4ccn5c(=O)[nH]nc5c4cc3-c3ccccc3)cc2)CCC1,Cc1nc(Nc2ncc(C(=O)Nc3c(C)cccc3Cl)s2)cc(N2CCN(CCO)CC2)n1
MK-2206,ERLOTINIB,T47D,-3.958176299,0.6378837,6594,0,1,0.999977827,0,NC1(c2ccc(-c3nc4ccn5c(=O)[nH]nc5c4cc3-c3ccccc3)cc2)CCC1,C#Cc1cccc(Nc2ncnc3cc(OCCOC)c(OCCOC)cc23)c1
MK-2206,GELDANAMYCIN,T47D,-5.361513501,0.6351081,6622,0,1,0.995737553,0,NC1(c2ccc(-c3nc4ccn5c(=O)[nH]nc5c4cc3-c3ccccc3)cc2)CCC1,COC1=C2CC(C)CC(OC)C(O)C(C)C=C(C)C(OC(N)=O)C(OC)C=CC=C(C)C(=O)NC(=CC1=O)C2=O
MK-2206,MK-8669,T47D,17.02929067,0.6793948,6663,1,1,1,1,NC1(c2ccc(-c3nc4ccn5c(=O)[nH]nc5c4cc3-c3ccccc3)cc2)CCC1,COC1CC2CCC(C)C(O)(O2)C(=O)C(=O)N2CCCCC2C(=O)OC(C(C)CC2CCC(OP(C)(C)=O)C(OC)C2)CC(=O)C(C)C=C(C)C(O)C(OC)C(=O)C(C)CC(C)C=CC=CC=C1C
MK-2206,MK-8776,T47D,-20.37842303,0.6054062,6689,0,0,0.023382533,0,NC1(c2ccc(-c3nc4ccn5c(=O)[nH]nc5c4cc3-c3ccccc3)cc2)CCC1,Cn1cc(-c2cnn3c(N)c(Br)c(C4CCCNC4)nc23)cn1
MK-2206,PD325901,T47D,21.63398304,0.6885024,6719,1,1,0.999439657,1,NC1(c2ccc(-c3nc4ccn5c(=O)[nH]nc5c4cc3-c3ccccc3)cc2)CCC1,O=C(NOCC(O)CO)c1ccc(F)c(F)c1Nc1ccc(I)cc1F
MK-2206,SN-38,T47D,53.95219497,0.7524245,6747,1,1,0.999993324,1,NC1(c2ccc(-c3nc4ccn5c(=O)[nH]nc5c4cc3-c3ccccc3)cc2)CCC1,CCc1c2c(nc3ccc(O)cc13)-c1cc3c(c(=O)n1C2)COC(=O)C3(O)CC
MK-2206,TOPOTECAN,T47D,21.53741412,0.6883114,6800,1,1,0.961217463,1,NC1(c2ccc(-c3nc4ccn5c(=O)[nH]nc5c4cc3-c3ccccc3)cc2)CCC1,CCC1(O)C(=O)OCc2c1cc1n(c2=O)Cc2cc3c(CN(C)C)c(O)ccc3nc2-1
MK-4541,ABT-888,T47D,-16.1532543,0.6137631,6841,0,0,2.73E-06,0,CN1C(=O)C=CC2(C)C3CCC4(C)C(NC(=O)OCC(F)(F)F)CCC4C3CCC12,CC1(c2nc3c(C(N)=O)cccc3[nH]2)CCCN1
MK-4541,AZD1775,T47D,-10.92011243,0.6241138,6857,0,0,0.00842998,0,CN1C(=O)C=CC2(C)C3CCC4(C)C(NC(=O)OCC(F)(F)F)CCC4C3CCC12,C=CCn1c(=O)c2cnc(Nc3ccc(N4CCN(C)CC4)cc3)nc2n1-c1cccc(C(C)(C)O)n1
MK-4541,BEZ-235,T47D,137.2835902,0.9172453,6885,1,1,1,1,CN1C(=O)C=CC2(C)C3CCC4(C)C(NC(=O)OCC(F)(F)F)CCC4C3CCC12,Cn1c(=O)n(-c2ccc(C(C)(C)C#N)cc2)c2c3cc(-c4cnc5ccccc5c4)ccc3ncc21
MK-4541,BORTEZOMIB,T47D,-20.03386423,0.6060877,6909,0,0,6.70E-06,0,CN1C(=O)C=CC2(C)C3CCC4(C)C(NC(=O)OCC(F)(F)F)CCC4C3CCC12,CC(C)CC(NC(=O)C(Cc1ccccc1)NC(=O)c1cnccn1)B(O)O
MK-4541,CYCLOPHOSPHAMIDE,T47D,12.10312224,0.6696513,6928,1,0,0.000583493,1,CN1C(=O)C=CC2(C)C3CCC4(C)C(NC(=O)OCC(F)(F)F)CCC4C3CCC12,O=P1(N(CCCl)CCCl)NCCCO1
MK-4541,DASATINIB,T47D,-4.443396988,0.636924,6951,0,0,0.048751604,0,CN1C(=O)C=CC2(C)C3CCC4(C)C(NC(=O)OCC(F)(F)F)CCC4C3CCC12,Cc1nc(Nc2ncc(C(=O)Nc3c(C)cccc3Cl)s2)cc(N2CCN(CCO)CC2)n1
MK-4541,DEXAMETHASONE,T47D,-49.52034458,0.5477665,6971,0,0,0.001956894,0,CN1C(=O)C=CC2(C)C3CCC4(C)C(NC(=O)OCC(F)(F)F)CCC4C3CCC12,CC1CC2C3CCC4=CC(=O)C=CC4(C)C3(F)C(O)CC2(C)C1(O)C(=O)CO
MK-4541,DINACICLIB,T47D,-53.059033,0.5407673,6989,0,0,1.85E-05,0,CN1C(=O)C=CC2(C)C3CCC4(C)C(NC(=O)OCC(F)(F)F)CCC4C3CCC12,CCc1cnn2c(NCc3ccc[n+]([O-])c3)cc(N3CCCCC3CCO)nc12
MK-4541,DOXORUBICIN,T47D,21.66483825,0.6885634,7006,1,1,0.999945521,1,CN1C(=O)C=CC2(C)C3CCC4(C)C(NC(=O)OCC(F)(F)F)CCC4C3CCC12,COc1cccc2c1C(=O)c1c(O)c3c(c(O)c1C2=O)CC(O)(C(=O)CO)CC3OC1CC(N)C(O)C(C)O1
MK-4541,ERLOTINIB,T47D,42.91153743,0.7305872,7030,1,1,0.883544922,1,CN1C(=O)C=CC2(C)C3CCC4(C)C(NC(=O)OCC(F)(F)F)CCC4C3CCC12,C#Cc1cccc(Nc2ncnc3cc(OCCOC)c(OCCOC)cc23)c1
MK-4541,ETOPOSIDE,T47D,21.0243065,0.6872965,7049,1,0,0.013976198,1,CN1C(=O)C=CC2(C)C3CCC4(C)C(NC(=O)OCC(F)(F)F)CCC4C3CCC12,COc1cc(C2c3cc4c(cc3C(OC3OC5COC(C)OC5C(O)C3O)C3COC(=O)C23)OCO4)cc(OC)c1O
MK-4541,GELDANAMYCIN,T47D,-7.112547232,0.6316447,7074,0,0,0.00096365,0,CN1C(=O)C=CC2(C)C3CCC4(C)C(NC(=O)OCC(F)(F)F)CCC4C3CCC12,COC1=C2CC(C)CC(OC)C(O)C(C)C=C(C)C(OC(N)=O)C(OC)C=CC=C(C)C(=O)NC(=CC1=O)C2=O
MK-4541,GEMCITABINE,T47D,-3.45367718,0.6388816,7091,0,0,2.12E-08,0,CN1C(=O)C=CC2(C)C3CCC4(C)C(NC(=O)OCC(F)(F)F)CCC4C3CCC12,Nc1ccn(C2OC(CO)C(O)C2(F)F)c(=O)n1
MK-4541,L778123,T47D,-25.27060432,0.59573,7104,0,1,0.999793708,0,CN1C(=O)C=CC2(C)C3CCC4(C)C(NC(=O)OCC(F)(F)F)CCC4C3CCC12,N#Cc1ccc(Cn2cncc2CN2CCN(c3cccc(Cl)c3)C(=O)C2)cc1
MK-4541,METFORMIN,T47D,32.36395088,0.7097251,7148,1,0,8.65E-09,1,CN1C(=O)C=CC2(C)C3CCC4(C)C(NC(=O)OCC(F)(F)F)CCC4C3CCC12,CN(C)C(=N)N=C(N)N
MK-4541,METHOTREXATE,T47D,-25.47469103,0.5953263,7172,0,0,2.45E-10,0,CN1C(=O)C=CC2(C)C3CCC4(C)C(NC(=O)OCC(F)(F)F)CCC4C3CCC12,CN(Cc1cnc2nc(N)nc(N)c2n1)c1ccc(C(=O)NC(CCC(=O)O)C(=O)O)cc1
MK-4541,MITOMYCINE,T47D,-23.5248105,0.599183,7195,0,0,2.44E-08,0,CN1C(=O)C=CC2(C)C3CCC4(C)C(NC(=O)OCC(F)(F)F)CCC4C3CCC12,COC12C(COC(N)=O)C3=C(C(=O)C(C)=C(N)C3=O)N1CC1NC12
MK-4541,MK-2206,T47D,-6.319955356,0.6332124,7215,0,1,0.999551713,0,CN1C(=O)C=CC2(C)C3CCC4(C)C(NC(=O)OCC(F)(F)F)CCC4C3CCC12,NC1(c2ccc(-c3nc4ccn5c(=O)[nH]nc5c4cc3-c3ccccc3)cc2)CCC1
MK-4541,MK-5108,T47D,14.11321446,0.6736271,7252,1,0,0.004605163,1,CN1C(=O)C=CC2(C)C3CCC4(C)C(NC(=O)OCC(F)(F)F)CCC4C3CCC12,O=C(O)C1(Cc2cccc(Nc3nccs3)n2)CCC(Oc2cccc(Cl)c2F)CC1
MK-4541,MK-8669,T47D,19.40666859,0.684097,7273,1,1,0.999928474,1,CN1C(=O)C=CC2(C)C3CCC4(C)C(NC(=O)OCC(F)(F)F)CCC4C3CCC12,COC1CC2CCC(C)C(O)(O2)C(=O)C(=O)N2CCCCC2C(=O)OC(C(C)CC2CCC(OP(C)(C)=O)C(OC)C2)CC(=O)C(C)C=C(C)C(O)C(OC)C(=O)C(C)CC(C)C=CC=CC=C1C
MK-4541,MK-8776,T47D,-47.33893948,0.5520811,7292,0,0,5.33E-06,0,CN1C(=O)C=CC2(C)C3CCC4(C)C(NC(=O)OCC(F)(F)F)CCC4C3CCC12,Cn1cc(-c2cnn3c(N)c(Br)c(C4CCCNC4)nc23)cn1
MK-4541,MRK-003,T47D,21.97984344,0.6891865,7313,1,1,0.997419,1,CN1C(=O)C=CC2(C)C3CCC4(C)C(NC(=O)OCC(F)(F)F)CCC4C3CCC12,O=S1(=O)NC2(CN1CC(F)(F)F)C1CCC2Cc2cc(C=CCN3CCC(C(F)(F)F)CC3)ccc2C1
MK-4541,PD325901,T47D,29.47471593,0.7040105,7352,1,0,0.001718296,1,CN1C(=O)C=CC2(C)C3CCC4(C)C(NC(=O)OCC(F)(F)F)CCC4C3CCC12,O=C(NOCC(O)CO)c1ccc(F)c(F)c1Nc1ccc(I)cc1F
MK-4541,SN-38,T47D,-14.14591222,0.6177335,7374,0,0,0.003007275,0,CN1C(=O)C=CC2(C)C3CCC4(C)C(NC(=O)OCC(F)(F)F)CCC4C3CCC12,CCc1c2c(nc3ccc(O)cc13)-c1cc3c(c(=O)n1C2)COC(=O)C3(O)CC
MK-4541,SORAFENIB,T47D,16.7199326,0.6787829,7389,1,1,0.999988675,1,CN1C(=O)C=CC2(C)C3CCC4(C)C(NC(=O)OCC(F)(F)F)CCC4C3CCC12,CNC(=O)c1cc(Oc2ccc(NC(=O)Nc3ccc(Cl)c(C(F)(F)F)c3)cc2)ccn1
MK-4541,SUNITINIB,T47D,40.42639192,0.7256718,7400,1,1,0.911647439,1,CN1C(=O)C=CC2(C)C3CCC4(C)C(NC(=O)OCC(F)(F)F)CCC4C3CCC12,CCN(CC)CCNC(=O)c1c(C)[nH]c(C=C2C(=O)Nc3ccc(F)cc32)c1C
MK-4541,TEMOZOLOMIDE,T47D,-106.2566397,0.435548,7425,0,0,2.03E-12,0,CN1C(=O)C=CC2(C)C3CCC4(C)C(NC(=O)OCC(F)(F)F)CCC4C3CCC12,Cn1nnc2c(C(N)=O)ncn2c1=O
MK-4541,TOPOTECAN,T47D,16.27055418,0.6778941,7442,1,0,0.445604086,1,CN1C(=O)C=CC2(C)C3CCC4(C)C(NC(=O)OCC(F)(F)F)CCC4C3CCC12,CCC1(O)C(=O)OCc2c1cc1n(c2=O)Cc2cc3c(CN(C)C)c(O)ccc3nc2-1
MK-4541,VINBLASTINE,T47D,-34.7084705,0.5770628,7470,0,0,7.44E-07,0,CN1C(=O)C=CC2(C)C3CCC4(C)C(NC(=O)OCC(F)(F)F)CCC4C3CCC12,CCC1(O)CC2CN(CCc3c([nH]c4ccccc34)C(C(=O)OC)(c3cc4c(cc3OC)N(C)C3C(O)(C(=O)OC)C(OC(C)=O)C5(CC)C=CCN6CCC43C65)C2)C1
MK-4541,VINORELBINE,T47D,-9.730919343,0.6264659,7493,0,0,1.21E-05,0,CN1C(=O)C=CC2(C)C3CCC4(C)C(NC(=O)OCC(F)(F)F)CCC4C3CCC12,CCC1=CC2CN(C1)Cc1c([nH]c3ccccc13)C(C(=O)OC)(c1cc3c(cc1OC)N(C)C1C(O)(C(=O)OC)C(OC(C)=O)C4(CC)C=CCN5CCC31C54)C2
MK-4541,ZOLINZA,T47D,28.38441741,0.701854,7517,1,1,0.572542429,1,CN1C(=O)C=CC2(C)C3CCC4(C)C(NC(=O)OCC(F)(F)F)CCC4C3CCC12,O=C(CCCCCCC(=O)Nc1ccccc1)NO
MK-4827,ABT-888,T47D,-0.198489483,0.64532,7544,0,0,3.09E-09,0,NC(=O)c1cccc2cn(-c3ccc(C4CCCNC4)cc3)nc12,CC1(c2nc3c(C(N)=O)cccc3[nH]2)CCCN1
MK-4827,BEZ-235,T47D,110.1087282,0.8634963,7570,1,1,1,1,NC(=O)c1cccc2cn(-c3ccc(C4CCCNC4)cc3)nc12,Cn1c(=O)n(-c2ccc(C(C)(C)C#N)cc2)c2c3cc(-c4cnc5ccccc5c4)ccc3ncc21
MK-4827,BORTEZOMIB,T47D,-11.2295534,0.6235017,7594,0,0,7.32E-14,0,NC(=O)c1cccc2cn(-c3ccc(C4CCCNC4)cc3)nc12,CC(C)CC(NC(=O)C(Cc1ccccc1)NC(=O)c1cnccn1)B(O)O
MK-4827,DASATINIB,T47D,-15.38395731,0.6152847,7622,0,0,0.002539702,0,NC(=O)c1cccc2cn(-c3ccc(C4CCCNC4)cc3)nc12,Cc1nc(Nc2ncc(C(=O)Nc3c(C)cccc3Cl)s2)cc(N2CCN(CCO)CC2)n1
MK-4827,DINACICLIB,T47D,-28.79779446,0.5887535,7645,0,0,1.64E-06,0,NC(=O)c1cccc2cn(-c3ccc(C4CCCNC4)cc3)nc12,CCc1cnn2c(NCc3ccc[n+]([O-])c3)cc(N3CCCCC3CCO)nc12
MK-4827,GELDANAMYCIN,T47D,-21.71288315,0.6027668,7682,0,0,4.60E-05,0,NC(=O)c1cccc2cn(-c3ccc(C4CCCNC4)cc3)nc12,COC1=C2CC(C)CC(OC)C(O)C(C)C=C(C)C(OC(N)=O)C(OC)C=CC=C(C)C(=O)NC(=CC1=O)C2=O
MK-4827,MK-2206,T47D,11.82662295,0.6691044,7712,1,1,0.792118549,1,NC(=O)c1cccc2cn(-c3ccc(C4CCCNC4)cc3)nc12,NC1(c2ccc(-c3nc4ccn5c(=O)[nH]nc5c4cc3-c3ccccc3)cc2)CCC1
MK-4827,MK-8669,T47D,34.45598785,0.713863,7739,1,1,0.999900222,1,NC(=O)c1cccc2cn(-c3ccc(C4CCCNC4)cc3)nc12,COC1CC2CCC(C)C(O)(O2)C(=O)C(=O)N2CCCCC2C(=O)OC(C(C)CC2CCC(OP(C)(C)=O)C(OC)C2)CC(=O)C(C)C=C(C)C(O)C(OC)C(=O)C(C)CC(C)C=CC=CC=C1C
MK-4827,MK-8776,T47D,-14.81381286,0.6164124,7775,0,0,4.40E-08,0,NC(=O)c1cccc2cn(-c3ccc(C4CCCNC4)cc3)nc12,Cn1cc(-c2cnn3c(N)c(Br)c(C4CCCNC4)nc23)cn1
MK-4827,PD325901,T47D,-8.539766165,0.6288218,7798,0,0,1.70E-06,0,NC(=O)c1cccc2cn(-c3ccc(C4CCCNC4)cc3)nc12,O=C(NOCC(O)CO)c1ccc(F)c(F)c1Nc1ccc(I)cc1F
MK-4827,SN-38,T47D,20.50477411,0.6862689,7836,1,1,0.769726038,1,NC(=O)c1cccc2cn(-c3ccc(C4CCCNC4)cc3)nc12,CCc1c2c(nc3ccc(O)cc13)-c1cc3c(c(=O)n1C2)COC(=O)C3(O)CC
MK-4827,SORAFENIB,T47D,-3.143078232,0.6394959,7853,0,0,0.070881397,0,NC(=O)c1cccc2cn(-c3ccc(C4CCCNC4)cc3)nc12,CNC(=O)c1cc(Oc2ccc(NC(=O)Nc3ccc(Cl)c(C(F)(F)F)c3)cc2)ccn1
MK-4827,TOPOTECAN,T47D,-15.72579511,0.6146086,7874,0,1,0.936993837,0,NC(=O)c1cccc2cn(-c3ccc(C4CCCNC4)cc3)nc12,CCC1(O)C(=O)OCc2c1cc1n(c2=O)Cc2cc3c(CN(C)C)c(O)ccc3nc2-1
MK-5108,BEZ-235,T47D,114.567378,0.872315,7917,1,1,1,1,O=C(O)C1(Cc2cccc(Nc3nccs3)n2)CCC(Oc2cccc(Cl)c2F)CC1,Cn1c(=O)n(-c2ccc(C(C)(C)C#N)cc2)c2c3cc(-c4cnc5ccccc5c4)ccc3ncc21
MK-5108,BORTEZOMIB,T47D,-8.625776934,0.6286517,7946,0,0,6.32E-11,0,O=C(O)C1(Cc2cccc(Nc3nccs3)n2)CCC(Oc2cccc(Cl)c2F)CC1,CC(C)CC(NC(=O)C(Cc1ccccc1)NC(=O)c1cnccn1)B(O)O
MK-5108,DASATINIB,T47D,-5.799404429,0.634242,7972,0,1,0.999967217,0,O=C(O)C1(Cc2cccc(Nc3nccs3)n2)CCC(Oc2cccc(Cl)c2F)CC1,Cc1nc(Nc2ncc(C(=O)Nc3c(C)cccc3Cl)s2)cc(N2CCN(CCO)CC2)n1
MK-5108,DINACICLIB,T47D,-12.40801934,0.6211708,7995,0,0,1.85E-09,0,O=C(O)C1(Cc2cccc(Nc3nccs3)n2)CCC(Oc2cccc(Cl)c2F)CC1,CCc1cnn2c(NCc3ccc[n+]([O-])c3)cc(N3CCCCC3CCO)nc12
MK-5108,ERLOTINIB,T47D,37.66636466,0.7202128,8019,1,0,0.00128331,1,O=C(O)C1(Cc2cccc(Nc3nccs3)n2)CCC(Oc2cccc(Cl)c2F)CC1,C#Cc1cccc(Nc2ncnc3cc(OCCOC)c(OCCOC)cc23)c1
MK-5108,GELDANAMYCIN,T47D,44.78143317,0.7342856,8040,1,0,0.006740506,1,O=C(O)C1(Cc2cccc(Nc3nccs3)n2)CCC(Oc2cccc(Cl)c2F)CC1,COC1=C2CC(C)CC(OC)C(O)C(C)C=C(C)C(OC(N)=O)C(OC)C=CC=C(C)C(=O)NC(=CC1=O)C2=O
MK-5108,MK-2206,T47D,-10.81630074,0.6243191,8057,0,1,0.999859929,0,O=C(O)C1(Cc2cccc(Nc3nccs3)n2)CCC(Oc2cccc(Cl)c2F)CC1,NC1(c2ccc(-c3nc4ccn5c(=O)[nH]nc5c4cc3-c3ccccc3)cc2)CCC1
MK-5108,MK-4827,T47D,15.85477984,0.6770717,8082,1,0,0.169949368,1,O=C(O)C1(Cc2cccc(Nc3nccs3)n2)CCC(Oc2cccc(Cl)c2F)CC1,NC(=O)c1cccc2cn(-c3ccc(C4CCCNC4)cc3)nc12
MK-5108,MK-8669,T47D,35.58025624,0.7160867,8107,1,1,0.64849627,1,O=C(O)C1(Cc2cccc(Nc3nccs3)n2)CCC(Oc2cccc(Cl)c2F)CC1,COC1CC2CCC(C)C(O)(O2)C(=O)C(=O)N2CCCCC2C(=O)OC(C(C)CC2CCC(OP(C)(C)=O)C(OC)C2)CC(=O)C(C)C=C(C)C(O)C(OC)C(=O)C(C)CC(C)C=CC=CC=C1C
MK-5108,MK-8776,T47D,-8.421481253,0.6290558,8130,0,0,0.000331938,0,O=C(O)C1(Cc2cccc(Nc3nccs3)n2)CCC(Oc2cccc(Cl)c2F)CC1,Cn1cc(-c2cnn3c(N)c(Br)c(C4CCCNC4)nc23)cn1
MK-5108,PD325901,T47D,25.57999248,0.6963072,8152,1,0,0.000119148,1,O=C(O)C1(Cc2cccc(Nc3nccs3)n2)CCC(Oc2cccc(Cl)c2F)CC1,O=C(NOCC(O)CO)c1ccc(F)c(F)c1Nc1ccc(I)cc1F
MK-8669,BEZ-235,T47D,179.1233246,1,8239,1,1,1,1,COC1CC2CCC(C)C(O)(O2)C(=O)C(=O)N2CCCCC2C(=O)OC(C(C)CC2CCC(OP(C)(C)=O)C(OC)C2)CC(=O)C(C)C=C(C)C(O)C(OC)C(=O)C(C)CC(C)C=CC=CC=C1C,Cn1c(=O)n(-c2ccc(C(C)(C)C#N)cc2)c2c3cc(-c4cnc5ccccc5c4)ccc3ncc21
MK-8669,DINACICLIB,T47D,22.72587666,0.690662,8265,1,0,0.013176748,1,COC1CC2CCC(C)C(O)(O2)C(=O)C(=O)N2CCCCC2C(=O)OC(C(C)CC2CCC(OP(C)(C)=O)C(OC)C2)CC(=O)C(C)C=C(C)C(O)C(OC)C(=O)C(C)CC(C)C=CC=CC=C1C,CCc1cnn2c(NCc3ccc[n+]([O-])c3)cc(N3CCCCC3CCO)nc12
MK-8669,GELDANAMYCIN,T47D,31.55305418,0.7081213,8287,1,1,0.98085326,1,COC1CC2CCC(C)C(O)(O2)C(=O)C(=O)N2CCCCC2C(=O)OC(C(C)CC2CCC(OP(C)(C)=O)C(OC)C2)CC(=O)C(C)C=C(C)C(O)C(OC)C(=O)C(C)CC(C)C=CC=CC=C1C,COC1=C2CC(C)CC(OC)C(O)C(C)C=C(C)C(OC(N)=O)C(OC)C=CC=C(C)C(=O)NC(=CC1=O)C2=O
MK-8669,MK-8776,T47D,29.89624814,0.7048443,8313,1,1,0.892498791,1,COC1CC2CCC(C)C(O)(O2)C(=O)C(=O)N2CCCCC2C(=O)OC(C(C)CC2CCC(OP(C)(C)=O)C(OC)C2)CC(=O)C(C)C=C(C)C(O)C(OC)C(=O)C(C)CC(C)C=CC=CC=C1C,Cn1cc(-c2cnn3c(N)c(Br)c(C4CCCNC4)nc23)cn1
MK-8669,SN-38,T47D,-23.09505806,0.600033,8337,0,1,1,0,COC1CC2CCC(C)C(O)(O2)C(=O)C(=O)N2CCCCC2C(=O)OC(C(C)CC2CCC(OP(C)(C)=O)C(OC)C2)CC(=O)C(C)C=C(C)C(O)C(OC)C(=O)C(C)CC(C)C=CC=CC=C1C,CCc1c2c(nc3ccc(O)cc13)-c1cc3c(c(=O)n1C2)COC(=O)C3(O)CC
MK-8669,TOPOTECAN,T47D,15.72441152,0.6768139,8388,1,0,0.088489704,1,COC1CC2CCC(C)C(O)(O2)C(=O)C(=O)N2CCCCC2C(=O)OC(C(C)CC2CCC(OP(C)(C)=O)C(OC)C2)CC(=O)C(C)C=C(C)C(O)C(OC)C(=O)C(C)CC(C)C=CC=CC=C1C,CCC1(O)C(=O)OCc2c1cc1n(c2=O)Cc2cc3c(CN(C)C)c(O)ccc3nc2-1
MRK-003,5-FU,T47D,-10.84738769,0.6242576,8403,0,0,0.026609605,0,O=S1(=O)NC2(CN1CC(F)(F)F)C1CCC2Cc2cc(C=CCN3CCC(C(F)(F)F)CC3)ccc2C1,O=c1[nH]cc(F)c(=O)[nH]1
MRK-003,ABT-888,T47D,14.84455283,0.6750736,8419,1,0,0.044644695,1,O=S1(=O)NC2(CN1CC(F)(F)F)C1CCC2Cc2cc(C=CCN3CCC(C(F)(F)F)CC3)ccc2C1,CC1(c2nc3c(C(N)=O)cccc3[nH]2)CCCN1
MRK-003,BEZ-235,T47D,103.2081093,0.8498476,8464,1,1,1,1,O=S1(=O)NC2(CN1CC(F)(F)F)C1CCC2Cc2cc(C=CCN3CCC(C(F)(F)F)CC3)ccc2C1,Cn1c(=O)n(-c2ccc(C(C)(C)C#N)cc2)c2c3cc(-c4cnc5ccccc5c4)ccc3ncc21
MRK-003,CYCLOPHOSPHAMIDE,T47D,-33.56754882,0.5793195,8507,0,1,0.922060251,0,O=S1(=O)NC2(CN1CC(F)(F)F)C1CCC2Cc2cc(C=CCN3CCC(C(F)(F)F)CC3)ccc2C1,O=P1(N(CCCl)CCCl)NCCCO1
MRK-003,DASATINIB,T47D,18.60266321,0.6825067,8534,1,1,0.99999547,1,O=S1(=O)NC2(CN1CC(F)(F)F)C1CCC2Cc2cc(C=CCN3CCC(C(F)(F)F)CC3)ccc2C1,Cc1nc(Nc2ncc(C(=O)Nc3c(C)cccc3Cl)s2)cc(N2CCN(CCO)CC2)n1
MRK-003,DEXAMETHASONE,T47D,-7.244304535,0.6313841,8551,0,0,2.05E-05,0,O=S1(=O)NC2(CN1CC(F)(F)F)C1CCC2Cc2cc(C=CCN3CCC(C(F)(F)F)CC3)ccc2C1,CC1CC2C3CCC4=CC(=O)C=CC4(C)C3(F)C(O)CC2(C)C1(O)C(=O)CO
MRK-003,DINACICLIB,T47D,-28.64086619,0.5890639,8574,0,0,0.002810142,0,O=S1(=O)NC2(CN1CC(F)(F)F)C1CCC2Cc2cc(C=CCN3CCC(C(F)(F)F)CC3)ccc2C1,CCc1cnn2c(NCc3ccc[n+]([O-])c3)cc(N3CCCCC3CCO)nc12
MRK-003,DOXORUBICIN,T47D,16.75350498,0.6788493,8597,1,1,0.995897055,1,O=S1(=O)NC2(CN1CC(F)(F)F)C1CCC2Cc2cc(C=CCN3CCC(C(F)(F)F)CC3)ccc2C1,COc1cccc2c1C(=O)c1c(O)c3c(c(O)c1C2=O)CC(O)(C(=O)CO)CC3OC1CC(N)C(O)C(C)O1
MRK-003,ERLOTINIB,T47D,19.716145,0.6847091,8618,1,1,0.625320137,1,O=S1(=O)NC2(CN1CC(F)(F)F)C1CCC2Cc2cc(C=CCN3CCC(C(F)(F)F)CC3)ccc2C1,C#Cc1cccc(Nc2ncnc3cc(OCCOC)c(OCCOC)cc23)c1
MRK-003,GELDANAMYCIN,T47D,14.13402714,0.6736682,8667,1,0,0.307132185,1,O=S1(=O)NC2(CN1CC(F)(F)F)C1CCC2Cc2cc(C=CCN3CCC(C(F)(F)F)CC3)ccc2C1,COC1=C2CC(C)CC(OC)C(O)C(C)C=C(C)C(OC(N)=O)C(OC)C=CC=C(C)C(=O)NC(=CC1=O)C2=O
MRK-003,LAPATINIB,T47D,22.23133032,0.6896839,8728,1,1,1,1,O=S1(=O)NC2(CN1CC(F)(F)F)C1CCC2Cc2cc(C=CCN3CCC(C(F)(F)F)CC3)ccc2C1,CS(=O)(=O)CCNCc1ccc(-c2ccc3ncnc(Nc4ccc(OCc5cccc(F)c5)c(Cl)c4)c3c2)o1
MRK-003,METFORMIN,T47D,-3.468072324,0.6388531,8739,0,1,0.999998093,0,O=S1(=O)NC2(CN1CC(F)(F)F)C1CCC2Cc2cc(C=CCN3CCC(C(F)(F)F)CC3)ccc2C1,CN(C)C(=N)N=C(N)N
MRK-003,MK-2206,T47D,33.36781248,0.7117107,8804,1,1,0.999998808,1,O=S1(=O)NC2(CN1CC(F)(F)F)C1CCC2Cc2cc(C=CCN3CCC(C(F)(F)F)CC3)ccc2C1,NC1(c2ccc(-c3nc4ccn5c(=O)[nH]nc5c4cc3-c3ccccc3)cc2)CCC1
MRK-003,MK-4827,T47D,33.61059192,0.7121909,8830,1,1,0.999757588,1,O=S1(=O)NC2(CN1CC(F)(F)F)C1CCC2Cc2cc(C=CCN3CCC(C(F)(F)F)CC3)ccc2C1,NC(=O)c1cccc2cn(-c3ccc(C4CCCNC4)cc3)nc12
MRK-003,MK-5108,T47D,-3.236148805,0.6393118,8847,0,1,0.69464612,0,O=S1(=O)NC2(CN1CC(F)(F)F)C1CCC2Cc2cc(C=CCN3CCC(C(F)(F)F)CC3)ccc2C1,O=C(O)C1(Cc2cccc(Nc3nccs3)n2)CCC(Oc2cccc(Cl)c2F)CC1
MRK-003,MK-8669,T47D,38.439834,0.7217426,8869,1,1,1,1,O=S1(=O)NC2(CN1CC(F)(F)F)C1CCC2Cc2cc(C=CCN3CCC(C(F)(F)F)CC3)ccc2C1,COC1CC2CCC(C)C(O)(O2)C(=O)C(=O)N2CCCCC2C(=O)OC(C(C)CC2CCC(OP(C)(C)=O)C(OC)C2)CC(=O)C(C)C=C(C)C(O)C(OC)C(=O)C(C)CC(C)C=CC=CC=C1C
MRK-003,MK-8776,T47D,10.24907785,0.6659842,8887,1,0,0.017820025,1,O=S1(=O)NC2(CN1CC(F)(F)F)C1CCC2Cc2cc(C=CCN3CCC(C(F)(F)F)CC3)ccc2C1,Cn1cc(-c2cnn3c(N)c(Br)c(C4CCCNC4)nc23)cn1
MRK-003,PACLITAXEL,T47D,17.3081202,0.6799463,8915,1,1,0.999841094,1,O=S1(=O)NC2(CN1CC(F)(F)F)C1CCC2Cc2cc(C=CCN3CCC(C(F)(F)F)CC3)ccc2C1,CC(=O)OC1C(=O)C2(C)C(O)CC3OCC3(OC(C)=O)C2C(OC(=O)c2ccccc2)C2(O)CC(OC(=O)C(O)C(NC(=O)c3ccccc3)c3ccccc3)C(C)=C1C2(C)C
MRK-003,PD325901,T47D,28.15700653,0.7014042,8937,1,1,1,1,O=S1(=O)NC2(CN1CC(F)(F)F)C1CCC2Cc2cc(C=CCN3CCC(C(F)(F)F)CC3)ccc2C1,O=C(NOCC(O)CO)c1ccc(F)c(F)c1Nc1ccc(I)cc1F
MRK-003,SN-38,T47D,14.34423202,0.674084,8958,1,1,0.992597818,1,O=S1(=O)NC2(CN1CC(F)(F)F)C1CCC2Cc2cc(C=CCN3CCC(C(F)(F)F)CC3)ccc2C1,CCc1c2c(nc3ccc(O)cc13)-c1cc3c(c(=O)n1C2)COC(=O)C3(O)CC
MRK-003,SUNITINIB,T47D,21.25627648,0.6877553,9004,1,1,1,1,O=S1(=O)NC2(CN1CC(F)(F)F)C1CCC2Cc2cc(C=CCN3CCC(C(F)(F)F)CC3)ccc2C1,CCN(CC)CCNC(=O)c1c(C)[nH]c(C=C2C(=O)Nc3ccc(F)cc32)c1C
MRK-003,TEMOZOLOMIDE,T47D,-42.30758766,0.5620326,9029,0,0,3.81E-05,0,O=S1(=O)NC2(CN1CC(F)(F)F)C1CCC2Cc2cc(C=CCN3CCC(C(F)(F)F)CC3)ccc2C1,Cn1nnc2c(C(N)=O)ncn2c1=O
MRK-003,ZOLINZA,T47D,16.27455598,0.677902,9134,1,1,0.999153137,1,O=S1(=O)NC2(CN1CC(F)(F)F)C1CCC2Cc2cc(C=CCN3CCC(C(F)(F)F)CC3)ccc2C1,O=C(CCCCCCC(=O)Nc1ccccc1)NO
PACLITAXEL,ABT-888,T47D,-3.017011289,0.6397453,9157,0,0,6.71E-07,0,CC(=O)OC1C(=O)C2(C)C(O)CC3OCC3(OC(C)=O)C2C(OC(=O)c2ccccc2)C2(O)CC(OC(=O)C(O)C(NC(=O)c3ccccc3)c3ccccc3)C(C)=C1C2(C)C,CC1(c2nc3c(C(N)=O)cccc3[nH]2)CCCN1
PACLITAXEL,AZD1775,T47D,-22.91511908,0.6003889,9171,0,0,0.070177354,0,CC(=O)OC1C(=O)C2(C)C(O)CC3OCC3(OC(C)=O)C2C(OC(=O)c2ccccc2)C2(O)CC(OC(=O)C(O)C(NC(=O)c3ccccc3)c3ccccc3)C(C)=C1C2(C)C,C=CCn1c(=O)c2cnc(Nc3ccc(N4CCN(C)CC4)cc3)nc2n1-c1cccc(C(C)(C)O)n1
PACLITAXEL,BEZ-235,T47D,97.80849248,0.8391677,9195,1,1,1,1,CC(=O)OC1C(=O)C2(C)C(O)CC3OCC3(OC(C)=O)C2C(OC(=O)c2ccccc2)C2(O)CC(OC(=O)C(O)C(NC(=O)c3ccccc3)c3ccccc3)C(C)=C1C2(C)C,Cn1c(=O)n(-c2ccc(C(C)(C)C#N)cc2)c2c3cc(-c4cnc5ccccc5c4)ccc3ncc21
PACLITAXEL,BORTEZOMIB,T47D,-21.07086289,0.6040366,9223,0,0,7.78E-13,0,CC(=O)OC1C(=O)C2(C)C(O)CC3OCC3(OC(C)=O)C2C(OC(=O)c2ccccc2)C2(O)CC(OC(=O)C(O)C(NC(=O)c3ccccc3)c3ccccc3)C(C)=C1C2(C)C,CC(C)CC(NC(=O)C(Cc1ccccc1)NC(=O)c1cnccn1)B(O)O
PACLITAXEL,DASATINIB,T47D,41.79292062,0.7283747,9251,1,1,0.926053584,1,CC(=O)OC1C(=O)C2(C)C(O)CC3OCC3(OC(C)=O)C2C(OC(=O)c2ccccc2)C2(O)CC(OC(=O)C(O)C(NC(=O)c3ccccc3)c3ccccc3)C(C)=C1C2(C)C,Cc1nc(Nc2ncc(C(=O)Nc3c(C)cccc3Cl)s2)cc(N2CCN(CCO)CC2)n1
PACLITAXEL,DINACICLIB,T47D,-45.76200708,0.5552001,9277,0,0,3.35E-05,0,CC(=O)OC1C(=O)C2(C)C(O)CC3OCC3(OC(C)=O)C2C(OC(=O)c2ccccc2)C2(O)CC(OC(=O)C(O)C(NC(=O)c3ccccc3)c3ccccc3)C(C)=C1C2(C)C,CCc1cnn2c(NCc3ccc[n+]([O-])c3)cc(N3CCCCC3CCO)nc12
PACLITAXEL,ERLOTINIB,T47D,-31.32509433,0.5837548,9302,0,0,2.05E-08,0,CC(=O)OC1C(=O)C2(C)C(O)CC3OCC3(OC(C)=O)C2C(OC(=O)c2ccccc2)C2(O)CC(OC(=O)C(O)C(NC(=O)c3ccccc3)c3ccccc3)C(C)=C1C2(C)C,C#Cc1cccc(Nc2ncnc3cc(OCCOC)c(OCCOC)cc23)c1
PACLITAXEL,GELDANAMYCIN,T47D,-11.69067445,0.6225897,9326,0,0,7.02E-12,0,CC(=O)OC1C(=O)C2(C)C(O)CC3OCC3(OC(C)=O)C2C(OC(=O)c2ccccc2)C2(O)CC(OC(=O)C(O)C(NC(=O)c3ccccc3)c3ccccc3)C(C)=C1C2(C)C,COC1=C2CC(C)CC(OC)C(O)C(C)C=C(C)C(OC(N)=O)C(OC)C=CC=C(C)C(=O)NC(=CC1=O)C2=O
PACLITAXEL,L778123,T47D,10.89214331,0.6672561,9346,1,0,0.018779464,1,CC(=O)OC1C(=O)C2(C)C(O)CC3OCC3(OC(C)=O)C2C(OC(=O)c2ccccc2)C2(O)CC(OC(=O)C(O)C(NC(=O)c3ccccc3)c3ccccc3)C(C)=C1C2(C)C,N#Cc1ccc(Cn2cncc2CN2CCN(c3cccc(Cl)c3)C(=O)C2)cc1
PACLITAXEL,LAPATINIB,T47D,-3.959009215,0.6378821,9372,0,0,1.67E-05,0,CC(=O)OC1C(=O)C2(C)C(O)CC3OCC3(OC(C)=O)C2C(OC(=O)c2ccccc2)C2(O)CC(OC(=O)C(O)C(NC(=O)c3ccccc3)c3ccccc3)C(C)=C1C2(C)C,CS(=O)(=O)CCNCc1ccc(-c2ccc3ncnc(Nc4ccc(OCc5cccc(F)c5)c(Cl)c4)c3c2)o1
PACLITAXEL,MK-2206,T47D,-0.060161111,0.6455936,9400,0,1,0.999974012,0,CC(=O)OC1C(=O)C2(C)C(O)CC3OCC3(OC(C)=O)C2C(OC(=O)c2ccccc2)C2(O)CC(OC(=O)C(O)C(NC(=O)c3ccccc3)c3ccccc3)C(C)=C1C2(C)C,NC1(c2ccc(-c3nc4ccn5c(=O)[nH]nc5c4cc3-c3ccccc3)cc2)CCC1
PACLITAXEL,MK-4827,T47D,-95.06772064,0.4576785,9427,0,0,0.000171446,0,CC(=O)OC1C(=O)C2(C)C(O)CC3OCC3(OC(C)=O)C2C(OC(=O)c2ccccc2)C2(O)CC(OC(=O)C(O)C(NC(=O)c3ccccc3)c3ccccc3)C(C)=C1C2(C)C,NC(=O)c1cccc2cn(-c3ccc(C4CCCNC4)cc3)nc12
PACLITAXEL,MK-5108,T47D,13.49293903,0.6724002,9455,1,1,0.999997139,1,CC(=O)OC1C(=O)C2(C)C(O)CC3OCC3(OC(C)=O)C2C(OC(=O)c2ccccc2)C2(O)CC(OC(=O)C(O)C(NC(=O)c3ccccc3)c3ccccc3)C(C)=C1C2(C)C,O=C(O)C1(Cc2cccc(Nc3nccs3)n2)CCC(Oc2cccc(Cl)c2F)CC1
PACLITAXEL,MK-8669,T47D,24.60812135,0.6943849,9484,1,1,1,1,CC(=O)OC1C(=O)C2(C)C(O)CC3OCC3(OC(C)=O)C2C(OC(=O)c2ccccc2)C2(O)CC(OC(=O)C(O)C(NC(=O)c3ccccc3)c3ccccc3)C(C)=C1C2(C)C,COC1CC2CCC(C)C(O)(O2)C(=O)C(=O)N2CCCCC2C(=O)OC(C(C)CC2CCC(OP(C)(C)=O)C(OC)C2)CC(=O)C(C)C=C(C)C(O)C(OC)C(=O)C(C)CC(C)C=CC=CC=C1C
PACLITAXEL,MK-8776,T47D,-4.00858392,0.637784,9506,0,0,9.39E-07,0,CC(=O)OC1C(=O)C2(C)C(O)CC3OCC3(OC(C)=O)C2C(OC(=O)c2ccccc2)C2(O)CC(OC(=O)C(O)C(NC(=O)c3ccccc3)c3ccccc3)C(C)=C1C2(C)C,Cn1cc(-c2cnn3c(N)c(Br)c(C4CCCNC4)nc23)cn1
PACLITAXEL,PD325901,T47D,-2.663964878,0.6404436,9519,0,1,0.942154467,0,CC(=O)OC1C(=O)C2(C)C(O)CC3OCC3(OC(C)=O)C2C(OC(=O)c2ccccc2)C2(O)CC(OC(=O)C(O)C(NC(=O)c3ccccc3)c3ccccc3)C(C)=C1C2(C)C,O=C(NOCC(O)CO)c1ccc(F)c(F)c1Nc1ccc(I)cc1F
PACLITAXEL,SORAFENIB,T47D,-17.73125391,0.610642,9539,0,0,2.90E-09,0,CC(=O)OC1C(=O)C2(C)C(O)CC3OCC3(OC(C)=O)C2C(OC(=O)c2ccccc2)C2(O)CC(OC(=O)C(O)C(NC(=O)c3ccccc3)c3ccccc3)C(C)=C1C2(C)C,CNC(=O)c1cc(Oc2ccc(NC(=O)Nc3ccc(Cl)c(C(F)(F)F)c3)cc2)ccn1
PACLITAXEL,SUNITINIB,T47D,-16.14600189,0.6137775,9560,0,0,0.000667605,0,CC(=O)OC1C(=O)C2(C)C(O)CC3OCC3(OC(C)=O)C2C(OC(=O)c2ccccc2)C2(O)CC(OC(=O)C(O)C(NC(=O)c3ccccc3)c3ccccc3)C(C)=C1C2(C)C,CCN(CC)CCNC(=O)c1c(C)[nH]c(C=C2C(=O)Nc3ccc(F)cc32)c1C
PACLITAXEL,TEMOZOLOMIDE,T47D,-50.64419261,0.5455436,9582,0,0,2.84E-13,0,CC(=O)OC1C(=O)C2(C)C(O)CC3OCC3(OC(C)=O)C2C(OC(=O)c2ccccc2)C2(O)CC(OC(=O)C(O)C(NC(=O)c3ccccc3)c3ccccc3)C(C)=C1C2(C)C,Cn1nnc2c(C(N)=O)ncn2c1=O
PACLITAXEL,ZOLINZA,T47D,17.08450148,0.679504,9603,1,0,0.09400028,1,CC(=O)OC1C(=O)C2(C)C(O)CC3OCC3(OC(C)=O)C2C(OC(=O)c2ccccc2)C2(O)CC(OC(=O)C(O)C(NC(=O)c3ccccc3)c3ccccc3)C(C)=C1C2(C)C,O=C(CCCCCCC(=O)Nc1ccccc1)NO
PD325901,ABT-888,T47D,-6.510557004,0.6328354,9626,0,0,7.20E-07,0,O=C(NOCC(O)CO)c1ccc(F)c(F)c1Nc1ccc(I)cc1F,CC1(c2nc3c(C(N)=O)cccc3[nH]2)CCCN1
PD325901,BEZ-235,T47D,148.1269392,0.9386924,9656,1,1,1,1,O=C(NOCC(O)CO)c1ccc(F)c(F)c1Nc1ccc(I)cc1F,Cn1c(=O)n(-c2ccc(C(C)(C)C#N)cc2)c2c3cc(-c4cnc5ccccc5c4)ccc3ncc21
PD325901,BORTEZOMIB,T47D,-39.78659037,0.5670188,9679,0,0,1.55E-09,0,O=C(NOCC(O)CO)c1ccc(F)c(F)c1Nc1ccc(I)cc1F,CC(C)CC(NC(=O)C(Cc1ccccc1)NC(=O)c1cnccn1)B(O)O
PD325901,DINACICLIB,T47D,-15.72237938,0.6146154,9730,0,0,4.33E-05,0,O=C(NOCC(O)CO)c1ccc(F)c(F)c1Nc1ccc(I)cc1F,CCc1cnn2c(NCc3ccc[n+]([O-])c3)cc(N3CCCCC3CCO)nc12
PD325901,GELDANAMYCIN,T47D,-6.199922289,0.6334498,9753,0,0,0.000544518,0,O=C(NOCC(O)CO)c1ccc(F)c(F)c1Nc1ccc(I)cc1F,COC1=C2CC(C)CC(OC)C(O)C(C)C=C(C)C(OC(N)=O)C(OC)C=CC=C(C)C(=O)NC(=CC1=O)C2=O
PD325901,MK-8669,T47D,12.70861441,0.6708489,9780,1,1,0.999983907,1,O=C(NOCC(O)CO)c1ccc(F)c(F)c1Nc1ccc(I)cc1F,COC1CC2CCC(C)C(O)(O2)C(=O)C(=O)N2CCCCC2C(=O)OC(C(C)CC2CCC(OP(C)(C)=O)C(OC)C2)CC(=O)C(C)C=C(C)C(O)C(OC)C(=O)C(C)CC(C)C=CC=CC=C1C
PD325901,MK-8776,T47D,-11.48607748,0.6229943,9804,0,0,1.07E-05,0,O=C(NOCC(O)CO)c1ccc(F)c(F)c1Nc1ccc(I)cc1F,Cn1cc(-c2cnn3c(N)c(Br)c(C4CCCNC4)nc23)cn1
PD325901,SN-38,T47D,11.71416405,0.668882,9824,1,1,0.856863618,1,O=C(NOCC(O)CO)c1ccc(F)c(F)c1Nc1ccc(I)cc1F,CCc1c2c(nc3ccc(O)cc13)-c1cc3c(c(=O)n1C2)COC(=O)C3(O)CC
PD325901,SORAFENIB,T47D,25.06654998,0.6952916,9848,1,0,0.041658126,1,O=C(NOCC(O)CO)c1ccc(F)c(F)c1Nc1ccc(I)cc1F,CNC(=O)c1cc(Oc2ccc(NC(=O)Nc3ccc(Cl)c(C(F)(F)F)c3)cc2)ccn1
PD325901,TOPOTECAN,T47D,13.09893093,0.6716209,9870,1,1,0.918706715,1,O=C(NOCC(O)CO)c1ccc(F)c(F)c1Nc1ccc(I)cc1F,CCC1(O)C(=O)OCc2c1cc1n(c2=O)Cc2cc3c(CN(C)C)c(O)ccc3nc2-1
SN-38,DINACICLIB,T47D,-36.17621345,0.5741598,9897,0,0,5.40E-12,0,CCc1c2c(nc3ccc(O)cc13)-c1cc3c(c(=O)n1C2)COC(=O)C3(O)CC,CCc1cnn2c(NCc3ccc[n+]([O-])c3)cc(N3CCCCC3CCO)nc12
SN-38,MK-8776,T47D,-66.83200902,0.5135258,9916,0,0,0.000208896,0,CCc1c2c(nc3ccc(O)cc13)-c1cc3c(c(=O)n1C2)COC(=O)C3(O)CC,Cn1cc(-c2cnn3c(N)c(Br)c(C4CCCNC4)nc23)cn1
SN-38,SORAFENIB,T47D,-2.290388843,0.6411825,9936,0,0,0.000214734,0,CCc1c2c(nc3ccc(O)cc13)-c1cc3c(c(=O)n1C2)COC(=O)C3(O)CC,CNC(=O)c1cc(Oc2ccc(NC(=O)Nc3ccc(Cl)c(C(F)(F)F)c3)cc2)ccn1
SORAFENIB,DINACICLIB,T47D,-4.42210441,0.6369661,9961,0,0,8.54E-10,0,CNC(=O)c1cc(Oc2ccc(NC(=O)Nc3ccc(Cl)c(C(F)(F)F)c3)cc2)ccn1,CCc1cnn2c(NCc3ccc[n+]([O-])c3)cc(N3CCCCC3CCO)nc12
SORAFENIB,MK-8776,T47D,10.56856272,0.6666161,9984,1,0,0.180077896,1,CNC(=O)c1cc(Oc2ccc(NC(=O)Nc3ccc(Cl)c(C(F)(F)F)c3)cc2)ccn1,Cn1cc(-c2cnn3c(N)c(Br)c(C4CCCNC4)nc23)cn1
SUNITINIB,ABT-888,T47D,21.82066136,0.6888716,9998,1,1,1,1,CCN(CC)CCNC(=O)c1c(C)[nH]c(C=C2C(=O)Nc3ccc(F)cc32)c1C,CC1(c2nc3c(C(N)=O)cccc3[nH]2)CCCN1
SUNITINIB,BEZ-235,T47D,72.21669983,0.7885498,10046,1,1,1,1,CCN(CC)CCNC(=O)c1c(C)[nH]c(C=C2C(=O)Nc3ccc(F)cc32)c1C,Cn1c(=O)n(-c2ccc(C(C)(C)C#N)cc2)c2c3cc(-c4cnc5ccccc5c4)ccc3ncc21
SUNITINIB,ERLOTINIB,T47D,24.14061823,0.6934602,10130,1,1,0.995182574,1,CCN(CC)CCNC(=O)c1c(C)[nH]c(C=C2C(=O)Nc3ccc(F)cc32)c1C,C#Cc1cccc(Nc2ncnc3cc(OCCOC)c(OCCOC)cc23)c1
SUNITINIB,GELDANAMYCIN,T47D,24.2090514,0.6935956,10145,1,0,0.000961657,1,CCN(CC)CCNC(=O)c1c(C)[nH]c(C=C2C(=O)Nc3ccc(F)cc32)c1C,COC1=C2CC(C)CC(OC)C(O)C(C)C=C(C)C(OC(N)=O)C(OC)C=CC=C(C)C(=O)NC(=CC1=O)C2=O
SUNITINIB,LAPATINIB,T47D,15.23508619,0.675846,10167,1,1,1,1,CCN(CC)CCNC(=O)c1c(C)[nH]c(C=C2C(=O)Nc3ccc(F)cc32)c1C,CS(=O)(=O)CCNCc1ccc(-c2ccc3ncnc(Nc4ccc(OCc5cccc(F)c5)c(Cl)c4)c3c2)o1
SUNITINIB,MK-2206,T47D,14.30917005,0.6740147,10204,1,1,1,1,CCN(CC)CCNC(=O)c1c(C)[nH]c(C=C2C(=O)Nc3ccc(F)cc32)c1C,NC1(c2ccc(-c3nc4ccn5c(=O)[nH]nc5c4cc3-c3ccccc3)cc2)CCC1
SUNITINIB,MK-4827,T47D,17.59457516,0.6805129,10225,1,0,0.259025067,1,CCN(CC)CCNC(=O)c1c(C)[nH]c(C=C2C(=O)Nc3ccc(F)cc32)c1C,NC(=O)c1cccc2cn(-c3ccc(C4CCCNC4)cc3)nc12
SUNITINIB,MK-8669,T47D,35.21040548,0.7153551,10270,1,1,1,1,CCN(CC)CCNC(=O)c1c(C)[nH]c(C=C2C(=O)Nc3ccc(F)cc32)c1C,COC1CC2CCC(C)C(O)(O2)C(=O)C(=O)N2CCCCC2C(=O)OC(C(C)CC2CCC(OP(C)(C)=O)C(OC)C2)CC(=O)C(C)C=C(C)C(O)C(OC)C(=O)C(C)CC(C)C=CC=CC=C1C
SUNITINIB,MK-8776,T47D,13.08571456,0.6715948,10292,1,0,0.005633317,1,CCN(CC)CCNC(=O)c1c(C)[nH]c(C=C2C(=O)Nc3ccc(F)cc32)c1C,Cn1cc(-c2cnn3c(N)c(Br)c(C4CCCNC4)nc23)cn1
SUNITINIB,PD325901,T47D,22.51885969,0.6902526,10316,1,1,1,1,CCN(CC)CCNC(=O)c1c(C)[nH]c(C=C2C(=O)Nc3ccc(F)cc32)c1C,O=C(NOCC(O)CO)c1ccc(F)c(F)c1Nc1ccc(I)cc1F
SUNITINIB,SN-38,T47D,10.60433388,0.6666869,10333,1,0,0.026137855,1,CCN(CC)CCNC(=O)c1c(C)[nH]c(C=C2C(=O)Nc3ccc(F)cc32)c1C,CCc1c2c(nc3ccc(O)cc13)-c1cc3c(c(=O)n1C2)COC(=O)C3(O)CC
SUNITINIB,TOPOTECAN,T47D,-23.30031907,0.599627,10400,0,1,0.943231106,0,CCN(CC)CCNC(=O)c1c(C)[nH]c(C=C2C(=O)Nc3ccc(F)cc32)c1C,CCC1(O)C(=O)OCc2c1cc1n(c2=O)Cc2cc3c(CN(C)C)c(O)ccc3nc2-1
TEMOZOLOMIDE,AZD1775,T47D,-25.59398837,0.5950903,10443,0,0,0.005344118,0,Cn1nnc2c(C(N)=O)ncn2c1=O,C=CCn1c(=O)c2cnc(Nc3ccc(N4CCN(C)CC4)cc3)nc2n1-c1cccc(C(C)(C)O)n1
TEMOZOLOMIDE,BEZ-235,T47D,125.5331215,0.8940041,10469,1,1,1,1,Cn1nnc2c(C(N)=O)ncn2c1=O,Cn1c(=O)n(-c2ccc(C(C)(C)C#N)cc2)c2c3cc(-c4cnc5ccccc5c4)ccc3ncc21
TEMOZOLOMIDE,BORTEZOMIB,T47D,-20.79693742,0.6045784,10497,0,0,2.60E-13,0,Cn1nnc2c(C(N)=O)ncn2c1=O,CC(C)CC(NC(=O)C(Cc1ccccc1)NC(=O)c1cnccn1)B(O)O
TEMOZOLOMIDE,DASATINIB,T47D,-48.83282624,0.5491263,10525,0,0,0.073967859,0,Cn1nnc2c(C(N)=O)ncn2c1=O,Cc1nc(Nc2ncc(C(=O)Nc3c(C)cccc3Cl)s2)cc(N2CCN(CCO)CC2)n1
TEMOZOLOMIDE,DINACICLIB,T47D,-21.73465024,0.6027237,10548,0,0,6.95E-08,0,Cn1nnc2c(C(N)=O)ncn2c1=O,CCc1cnn2c(NCc3ccc[n+]([O-])c3)cc(N3CCCCC3CCO)nc12
TEMOZOLOMIDE,ERLOTINIB,T47D,-25.75609877,0.5947697,10574,0,0,1.05E-06,0,Cn1nnc2c(C(N)=O)ncn2c1=O,C#Cc1cccc(Nc2ncnc3cc(OCCOC)c(OCCOC)cc23)c1
TEMOZOLOMIDE,GELDANAMYCIN,T47D,-35.90471742,0.5746968,10602,0,0,1.38E-08,0,Cn1nnc2c(C(N)=O)ncn2c1=O,COC1=C2CC(C)CC(OC)C(O)C(C)C=C(C)C(OC(N)=O)C(OC)C=CC=C(C)C(=O)NC(=CC1=O)C2=O
TEMOZOLOMIDE,LAPATINIB,T47D,-87.2150434,0.4732103,10621,0,0,0.001691182,0,Cn1nnc2c(C(N)=O)ncn2c1=O,CS(=O)(=O)CCNCc1ccc(-c2ccc3ncnc(Nc4ccc(OCc5cccc(F)c5)c(Cl)c4)c3c2)o1
TEMOZOLOMIDE,MK-2206,T47D,-31.49347594,0.5834218,10644,0,0,0.000129217,0,Cn1nnc2c(C(N)=O)ncn2c1=O,NC1(c2ccc(-c3nc4ccn5c(=O)[nH]nc5c4cc3-c3ccccc3)cc2)CCC1
TEMOZOLOMIDE,MK-4827,T47D,44.99315653,0.7347044,10686,1,1,0.998693287,1,Cn1nnc2c(C(N)=O)ncn2c1=O,NC(=O)c1cccc2cn(-c3ccc(C4CCCNC4)cc3)nc12
TEMOZOLOMIDE,MK-5108,T47D,-12.12996289,0.6217208,10706,0,0,0.004273578,0,Cn1nnc2c(C(N)=O)ncn2c1=O,O=C(O)C1(Cc2cccc(Nc3nccs3)n2)CCC(Oc2cccc(Cl)c2F)CC1
TEMOZOLOMIDE,MK-8776,T47D,-35.27358527,0.5759451,10767,0,0,0.00034515,0,Cn1nnc2c(C(N)=O)ncn2c1=O,Cn1cc(-c2cnn3c(N)c(Br)c(C4CCCNC4)nc23)cn1
TEMOZOLOMIDE,PD325901,T47D,-13.59839648,0.6188164,10790,0,0,0.000950217,0,Cn1nnc2c(C(N)=O)ncn2c1=O,O=C(NOCC(O)CO)c1ccc(F)c(F)c1Nc1ccc(I)cc1F
TEMOZOLOMIDE,SN-38,T47D,-81.09317162,0.4853187,10813,0,0,3.96E-06,0,Cn1nnc2c(C(N)=O)ncn2c1=O,CCc1c2c(nc3ccc(O)cc13)-c1cc3c(c(=O)n1C2)COC(=O)C3(O)CC
TEMOZOLOMIDE,SORAFENIB,T47D,13.22003559,0.6718605,10835,1,1,0.711566806,1,Cn1nnc2c(C(N)=O)ncn2c1=O,CNC(=O)c1cc(Oc2ccc(NC(=O)Nc3ccc(Cl)c(C(F)(F)F)c3)cc2)ccn1
TOPOTECAN,BEZ-235,T47D,57.24360015,0.7589345,10878,1,1,1,1,CCC1(O)C(=O)OCc2c1cc1n(c2=O)Cc2cc3c(CN(C)C)c(O)ccc3nc2-1,Cn1c(=O)n(-c2ccc(C(C)(C)C#N)cc2)c2c3cc(-c4cnc5ccccc5c4)ccc3ncc21
TOPOTECAN,DINACICLIB,T47D,-9.764205037,0.6264,10900,0,0,1.25E-11,0,CCC1(O)C(=O)OCc2c1cc1n(c2=O)Cc2cc3c(CN(C)C)c(O)ccc3nc2-1,CCc1cnn2c(NCc3ccc[n+]([O-])c3)cc(N3CCCCC3CCO)nc12
TOPOTECAN,MK-8776,T47D,-49.75887192,0.5472947,10922,0,0,0.364280701,0,CCC1(O)C(=O)OCc2c1cc1n(c2=O)Cc2cc3c(CN(C)C)c(O)ccc3nc2-1,Cn1cc(-c2cnn3c(N)c(Br)c(C4CCCNC4)nc23)cn1
TOPOTECAN,SORAFENIB,T47D,-12.75363736,0.6204872,10938,0,0,5.68E-08,0,CCC1(O)C(=O)OCc2c1cc1n(c2=O)Cc2cc3c(CN(C)C)c(O)ccc3nc2-1,CNC(=O)c1cc(Oc2ccc(NC(=O)Nc3ccc(Cl)c(C(F)(F)F)c3)cc2)ccn1
VINBLASTINE,ABT-888,T47D,-19.7234483,0.6067017,10968,0,0,9.78E-07,0,CCC1(O)CC2CN(CCc3c([nH]c4ccccc34)C(C(=O)OC)(c3cc4c(cc3OC)N(C)C3C(O)(C(=O)OC)C(OC(C)=O)C5(CC)C=CCN6CCC43C65)C2)C1,CC1(c2nc3c(C(N)=O)cccc3[nH]2)CCCN1
VINBLASTINE,AZD1775,T47D,-23.22852677,0.599769,10993,0,0,1.24E-07,0,CCC1(O)CC2CN(CCc3c([nH]c4ccccc34)C(C(=O)OC)(c3cc4c(cc3OC)N(C)C3C(O)(C(=O)OC)C(OC(C)=O)C5(CC)C=CCN6CCC43C65)C2)C1,C=CCn1c(=O)c2cnc(Nc3ccc(N4CCN(C)CC4)cc3)nc2n1-c1cccc(C(C)(C)O)n1
VINBLASTINE,BEZ-235,T47D,54.50425259,0.7535164,11023,1,1,0.999999881,1,CCC1(O)CC2CN(CCc3c([nH]c4ccccc34)C(C(=O)OC)(c3cc4c(cc3OC)N(C)C3C(O)(C(=O)OC)C(OC(C)=O)C5(CC)C=CCN6CCC43C65)C2)C1,Cn1c(=O)n(-c2ccc(C(C)(C)C#N)cc2)c2c3cc(-c4cnc5ccccc5c4)ccc3ncc21
VINBLASTINE,BORTEZOMIB,T47D,-32.24183569,0.5819416,11052,0,0,4.73E-21,0,CCC1(O)CC2CN(CCc3c([nH]c4ccccc34)C(C(=O)OC)(c3cc4c(cc3OC)N(C)C3C(O)(C(=O)OC)C(OC(C)=O)C5(CC)C=CCN6CCC43C65)C2)C1,CC(C)CC(NC(=O)C(Cc1ccccc1)NC(=O)c1cnccn1)B(O)O
VINBLASTINE,DASATINIB,T47D,-40.10616085,0.5663868,11080,0,1,0.788649857,0,CCC1(O)CC2CN(CCc3c([nH]c4ccccc34)C(C(=O)OC)(c3cc4c(cc3OC)N(C)C3C(O)(C(=O)OC)C(OC(C)=O)C5(CC)C=CCN6CCC43C65)C2)C1,Cc1nc(Nc2ncc(C(=O)Nc3c(C)cccc3Cl)s2)cc(N2CCN(CCO)CC2)n1
VINBLASTINE,DINACICLIB,T47D,-59.97465657,0.5270889,11108,0,0,8.36E-10,0,CCC1(O)CC2CN(CCc3c([nH]c4ccccc34)C(C(=O)OC)(c3cc4c(cc3OC)N(C)C3C(O)(C(=O)OC)C(OC(C)=O)C5(CC)C=CCN6CCC43C65)C2)C1,CCc1cnn2c(NCc3ccc[n+]([O-])c3)cc(N3CCCCC3CCO)nc12
VINBLASTINE,ERLOTINIB,T47D,-14.05261606,0.617918,11137,0,1,0.846854091,0,CCC1(O)CC2CN(CCc3c([nH]c4ccccc34)C(C(=O)OC)(c3cc4c(cc3OC)N(C)C3C(O)(C(=O)OC)C(OC(C)=O)C5(CC)C=CCN6CCC43C65)C2)C1,C#Cc1cccc(Nc2ncnc3cc(OCCOC)c(OCCOC)cc23)c1
VINBLASTINE,GELDANAMYCIN,T47D,-16.3040975,0.6134648,11167,0,0,9.19E-07,0,CCC1(O)CC2CN(CCc3c([nH]c4ccccc34)C(C(=O)OC)(c3cc4c(cc3OC)N(C)C3C(O)(C(=O)OC)C(OC(C)=O)C5(CC)C=CCN6CCC43C65)C2)C1,COC1=C2CC(C)CC(OC)C(O)C(C)C=C(C)C(OC(N)=O)C(OC)C=CC=C(C)C(=O)NC(=CC1=O)C2=O
VINBLASTINE,L778123,T47D,20.39818072,0.6860581,11196,1,1,0.827209234,1,CCC1(O)CC2CN(CCc3c([nH]c4ccccc34)C(C(=O)OC)(c3cc4c(cc3OC)N(C)C3C(O)(C(=O)OC)C(OC(C)=O)C5(CC)C=CCN6CCC43C65)C2)C1,N#Cc1ccc(Cn2cncc2CN2CCN(c3cccc(Cl)c3)C(=O)C2)cc1
VINBLASTINE,LAPATINIB,T47D,-33.91977071,0.5786228,11220,0,0,1.03E-05,0,CCC1(O)CC2CN(CCc3c([nH]c4ccccc34)C(C(=O)OC)(c3cc4c(cc3OC)N(C)C3C(O)(C(=O)OC)C(OC(C)=O)C5(CC)C=CCN6CCC43C65)C2)C1,CS(=O)(=O)CCNCc1ccc(-c2ccc3ncnc(Nc4ccc(OCc5cccc(F)c5)c(Cl)c4)c3c2)o1
VINBLASTINE,MK-4827,T47D,-48.76345081,0.5492635,11265,0,0,6.34E-09,0,CCC1(O)CC2CN(CCc3c([nH]c4ccccc34)C(C(=O)OC)(c3cc4c(cc3OC)N(C)C3C(O)(C(=O)OC)C(OC(C)=O)C5(CC)C=CCN6CCC43C65)C2)C1,NC(=O)c1cccc2cn(-c3ccc(C4CCCNC4)cc3)nc12
VINBLASTINE,MK-8669,T47D,32.45522961,0.7099057,11314,1,1,0.991968334,1,CCC1(O)CC2CN(CCc3c([nH]c4ccccc34)C(C(=O)OC)(c3cc4c(cc3OC)N(C)C3C(O)(C(=O)OC)C(OC(C)=O)C5(CC)C=CCN6CCC43C65)C2)C1,COC1CC2CCC(C)C(O)(O2)C(=O)C(=O)N2CCCCC2C(=O)OC(C(C)CC2CCC(OP(C)(C)=O)C(OC)C2)CC(=O)C(C)C=C(C)C(O)C(OC)C(=O)C(C)CC(C)C=CC=CC=C1C
VINBLASTINE,MK-8776,T47D,-91.15214814,0.4654231,11340,0,0,6.78E-10,0,CCC1(O)CC2CN(CCc3c([nH]c4ccccc34)C(C(=O)OC)(c3cc4c(cc3OC)N(C)C3C(O)(C(=O)OC)C(OC(C)=O)C5(CC)C=CCN6CCC43C65)C2)C1,Cn1cc(-c2cnn3c(N)c(Br)c(C4CCCNC4)nc23)cn1
VINBLASTINE,PD325901,T47D,28.22259945,0.701534,11366,1,0,0.00727409,1,CCC1(O)CC2CN(CCc3c([nH]c4ccccc34)C(C(=O)OC)(c3cc4c(cc3OC)N(C)C3C(O)(C(=O)OC)C(OC(C)=O)C5(CC)C=CCN6CCC43C65)C2)C1,O=C(NOCC(O)CO)c1ccc(F)c(F)c1Nc1ccc(I)cc1F
VINBLASTINE,SORAFENIB,T47D,-8.890072018,0.628129,11389,0,0,0.011786793,0,CCC1(O)CC2CN(CCc3c([nH]c4ccccc34)C(C(=O)OC)(c3cc4c(cc3OC)N(C)C3C(O)(C(=O)OC)C(OC(C)=O)C5(CC)C=CCN6CCC43C65)C2)C1,CNC(=O)c1cc(Oc2ccc(NC(=O)Nc3ccc(Cl)c(C(F)(F)F)c3)cc2)ccn1
VINBLASTINE,SUNITINIB,T47D,-18.93567274,0.6082598,11410,0,0,3.18E-07,0,CCC1(O)CC2CN(CCc3c([nH]c4ccccc34)C(C(=O)OC)(c3cc4c(cc3OC)N(C)C3C(O)(C(=O)OC)C(OC(C)=O)C5(CC)C=CCN6CCC43C65)C2)C1,CCN(CC)CCNC(=O)c1c(C)[nH]c(C=C2C(=O)Nc3ccc(F)cc32)c1C
VINBLASTINE,TEMOZOLOMIDE,T47D,-134.8040987,0.379084,11438,0,0,4.56E-14,0,CCC1(O)CC2CN(CCc3c([nH]c4ccccc34)C(C(=O)OC)(c3cc4c(cc3OC)N(C)C3C(O)(C(=O)OC)C(OC(C)=O)C5(CC)C=CCN6CCC43C65)C2)C1,Cn1nnc2c(C(N)=O)ncn2c1=O
VINORELBINE,ABT-888,T47D,-62.14153045,0.5228031,11489,0,0,0.015794357,0,CCC1=CC2CN(C1)Cc1c([nH]c3ccccc13)C(C(=O)OC)(c1cc3c(cc1OC)N(C)C1C(O)(C(=O)OC)C(OC(C)=O)C4(CC)C=CCN5CCC31C54)C2,CC1(c2nc3c(C(N)=O)cccc3[nH]2)CCCN1
VINORELBINE,AZD1775,T47D,-13.60598844,0.6188014,11512,0,0,7.00E-06,0,CCC1=CC2CN(C1)Cc1c([nH]c3ccccc13)C(C(=O)OC)(c1cc3c(cc1OC)N(C)C1C(O)(C(=O)OC)C(OC(C)=O)C4(CC)C=CCN5CCC31C54)C2,C=CCn1c(=O)c2cnc(Nc3ccc(N4CCN(C)CC4)cc3)nc2n1-c1cccc(C(C)(C)O)n1
VINORELBINE,BEZ-235,T47D,121.2857062,0.8856032,11539,1,1,1,1,CCC1=CC2CN(C1)Cc1c([nH]c3ccccc13)C(C(=O)OC)(c1cc3c(cc1OC)N(C)C1C(O)(C(=O)OC)C(OC(C)=O)C4(CC)C=CCN5CCC31C54)C2,Cn1c(=O)n(-c2ccc(C(C)(C)C#N)cc2)c2c3cc(-c4cnc5ccccc5c4)ccc3ncc21
VINORELBINE,BORTEZOMIB,T47D,-35.92059286,0.5746654,11568,0,0,6.31E-12,0,CCC1=CC2CN(C1)Cc1c([nH]c3ccccc13)C(C(=O)OC)(c1cc3c(cc1OC)N(C)C1C(O)(C(=O)OC)C(OC(C)=O)C4(CC)C=CCN5CCC31C54)C2,CC(C)CC(NC(=O)C(Cc1ccccc1)NC(=O)c1cnccn1)B(O)O
VINORELBINE,DASATINIB,T47D,45.21935482,0.7351518,11596,1,1,0.74034363,1,CCC1=CC2CN(C1)Cc1c([nH]c3ccccc13)C(C(=O)OC)(c1cc3c(cc1OC)N(C)C1C(O)(C(=O)OC)C(OC(C)=O)C4(CC)C=CCN5CCC31C54)C2,Cc1nc(Nc2ncc(C(=O)Nc3c(C)cccc3Cl)s2)cc(N2CCN(CCO)CC2)n1
VINORELBINE,DINACICLIB,T47D,-13.1210252,0.6197606,11625,0,0,4.28E-08,0,CCC1=CC2CN(C1)Cc1c([nH]c3ccccc13)C(C(=O)OC)(c1cc3c(cc1OC)N(C)C1C(O)(C(=O)OC)C(OC(C)=O)C4(CC)C=CCN5CCC31C54)C2,CCc1cnn2c(NCc3ccc[n+]([O-])c3)cc(N3CCCCC3CCO)nc12
VINORELBINE,ERLOTINIB,T47D,-12.29831992,0.6213878,11651,0,0,0.017139109,0,CCC1=CC2CN(C1)Cc1c([nH]c3ccccc13)C(C(=O)OC)(c1cc3c(cc1OC)N(C)C1C(O)(C(=O)OC)C(OC(C)=O)C4(CC)C=CCN5CCC31C54)C2,C#Cc1cccc(Nc2ncnc3cc(OCCOC)c(OCCOC)cc23)c1
VINORELBINE,GELDANAMYCIN,T47D,-37.58848261,0.5713665,11678,0,0,2.34E-05,0,CCC1=CC2CN(C1)Cc1c([nH]c3ccccc13)C(C(=O)OC)(c1cc3c(cc1OC)N(C)C1C(O)(C(=O)OC)C(OC(C)=O)C4(CC)C=CCN5CCC31C54)C2,COC1=C2CC(C)CC(OC)C(O)C(C)C=C(C)C(OC(N)=O)C(OC)C=CC=C(C)C(=O)NC(=CC1=O)C2=O
VINORELBINE,MK-2206,T47D,15.20999871,0.6757964,11730,1,0,0.270743012,1,CCC1=CC2CN(C1)Cc1c([nH]c3ccccc13)C(C(=O)OC)(c1cc3c(cc1OC)N(C)C1C(O)(C(=O)OC)C(OC(C)=O)C4(CC)C=CCN5CCC31C54)C2,NC1(c2ccc(-c3nc4ccn5c(=O)[nH]nc5c4cc3-c3ccccc3)cc2)CCC1
VINORELBINE,MK-4827,T47D,-30.51521593,0.5853567,11758,0,0,1.57E-06,0,CCC1=CC2CN(C1)Cc1c([nH]c3ccccc13)C(C(=O)OC)(c1cc3c(cc1OC)N(C)C1C(O)(C(=O)OC)C(OC(C)=O)C4(CC)C=CCN5CCC31C54)C2,NC(=O)c1cccc2cn(-c3ccc(C4CCCNC4)cc3)nc12
VINORELBINE,MK-5108,T47D,-7.486704755,0.6309047,11786,0,0,5.49E-05,0,CCC1=CC2CN(C1)Cc1c([nH]c3ccccc13)C(C(=O)OC)(c1cc3c(cc1OC)N(C)C1C(O)(C(=O)OC)C(OC(C)=O)C4(CC)C=CCN5CCC31C54)C2,O=C(O)C1(Cc2cccc(Nc3nccs3)n2)CCC(Oc2cccc(Cl)c2F)CC1
VINORELBINE,MK-8669,T47D,16.87880735,0.6790971,11815,1,1,0.865090311,1,CCC1=CC2CN(C1)Cc1c([nH]c3ccccc13)C(C(=O)OC)(c1cc3c(cc1OC)N(C)C1C(O)(C(=O)OC)C(OC(C)=O)C4(CC)C=CCN5CCC31C54)C2,COC1CC2CCC(C)C(O)(O2)C(=O)C(=O)N2CCCCC2C(=O)OC(C(C)CC2CCC(OP(C)(C)=O)C(OC)C2)CC(=O)C(C)C=C(C)C(O)C(OC)C(=O)C(C)CC(C)C=CC=CC=C1C
VINORELBINE,MK-8776,T47D,-46.02558266,0.5546788,11835,0,0,3.51E-10,0,CCC1=CC2CN(C1)Cc1c([nH]c3ccccc13)C(C(=O)OC)(c1cc3c(cc1OC)N(C)C1C(O)(C(=O)OC)C(OC(C)=O)C4(CC)C=CCN5CCC31C54)C2,Cn1cc(-c2cnn3c(N)c(Br)c(C4CCCNC4)nc23)cn1
VINORELBINE,PD325901,T47D,-72.32759015,0.5026561,11858,0,0,0.209689334,0,CCC1=CC2CN(C1)Cc1c([nH]c3ccccc13)C(C(=O)OC)(c1cc3c(cc1OC)N(C)C1C(O)(C(=O)OC)C(OC(C)=O)C4(CC)C=CCN5CCC31C54)C2,O=C(NOCC(O)CO)c1ccc(F)c(F)c1Nc1ccc(I)cc1F
VINORELBINE,SORAFENIB,T47D,-5.832759401,0.634176,11877,0,0,7.58E-08,0,CCC1=CC2CN(C1)Cc1c([nH]c3ccccc13)C(C(=O)OC)(c1cc3c(cc1OC)N(C)C1C(O)(C(=O)OC)C(OC(C)=O)C4(CC)C=CCN5CCC31C54)C2,CNC(=O)c1cc(Oc2ccc(NC(=O)Nc3ccc(Cl)c(C(F)(F)F)c3)cc2)ccn1
VINORELBINE,SUNITINIB,T47D,-14.37814881,0.6172741,11897,0,0,2.69E-07,0,CCC1=CC2CN(C1)Cc1c([nH]c3ccccc13)C(C(=O)OC)(c1cc3c(cc1OC)N(C)C1C(O)(C(=O)OC)C(OC(C)=O)C4(CC)C=CCN5CCC31C54)C2,CCN(CC)CCNC(=O)c1c(C)[nH]c(C=C2C(=O)Nc3ccc(F)cc32)c1C
VINORELBINE,TEMOZOLOMIDE,T47D,-26.7374178,0.5928288,11925,0,0,3.35E-14,0,CCC1=CC2CN(C1)Cc1c([nH]c3ccccc13)C(C(=O)OC)(c1cc3c(cc1OC)N(C)C1C(O)(C(=O)OC)C(OC(C)=O)C4(CC)C=CCN5CCC31C54)C2,Cn1nnc2c(C(N)=O)ncn2c1=O
VINORELBINE,ZOLINZA,T47D,-4.311401839,0.6371851,11950,0,1,0.986681223,0,CCC1=CC2CN(C1)Cc1c([nH]c3ccccc13)C(C(=O)OC)(c1cc3c(cc1OC)N(C)C1C(O)(C(=O)OC)C(OC(C)=O)C4(CC)C=CCN5CCC31C54)C2,O=C(CCCCCCC(=O)Nc1ccccc1)NO
ZOLINZA,AZD1775,T47D,21.03839338,0.6873244,11988,1,0,2.01E-06,1,O=C(CCCCCCC(=O)Nc1ccccc1)NO,C=CCn1c(=O)c2cnc(Nc3ccc(N4CCN(C)CC4)cc3)nc2n1-c1cccc(C(C)(C)O)n1
ZOLINZA,BEZ-235,T47D,109.7250532,0.8627374,12015,1,1,1,1,O=C(CCCCCCC(=O)Nc1ccccc1)NO,Cn1c(=O)n(-c2ccc(C(C)(C)C#N)cc2)c2c3cc(-c4cnc5ccccc5c4)ccc3ncc21
ZOLINZA,DASATINIB,T47D,11.80931182,0.6690702,12057,1,0,0.398307621,1,O=C(CCCCCCC(=O)Nc1ccccc1)NO,Cc1nc(Nc2ncc(C(=O)Nc3c(C)cccc3Cl)s2)cc(N2CCN(CCO)CC2)n1
ZOLINZA,DINACICLIB,T47D,-16.99583301,0.6120966,12085,0,0,1.36E-08,0,O=C(CCCCCCC(=O)Nc1ccccc1)NO,CCc1cnn2c(NCc3ccc[n+]([O-])c3)cc(N3CCCCC3CCO)nc12
ZOLINZA,ERLOTINIB,T47D,16.87793979,0.6790954,12109,1,1,0.985027432,1,O=C(CCCCCCC(=O)Nc1ccccc1)NO,C#Cc1cccc(Nc2ncnc3cc(OCCOC)c(OCCOC)cc23)c1
ZOLINZA,GELDANAMYCIN,T47D,-1.006320257,0.6437222,12137,0,1,0.999983788,0,O=C(CCCCCCC(=O)Nc1ccccc1)NO,COC1=C2CC(C)CC(OC)C(O)C(C)C=C(C)C(OC(N)=O)C(OC)C=CC=C(C)C(=O)NC(=CC1=O)C2=O
ZOLINZA,LAPATINIB,T47D,-21.4936689,0.6032004,12173,0,1,0.992352426,0,O=C(CCCCCCC(=O)Nc1ccccc1)NO,CS(=O)(=O)CCNCc1ccc(-c2ccc3ncnc(Nc4ccc(OCc5cccc(F)c5)c(Cl)c4)c3c2)o1
ZOLINZA,MK-4827,T47D,-3.309461068,0.6391668,12222,0,1,0.999934316,0,O=C(CCCCCCC(=O)Nc1ccccc1)NO,NC(=O)c1cccc2cn(-c3ccc(C4CCCNC4)cc3)nc12
ZOLINZA,MK-5108,T47D,36.60827466,0.71812,12239,1,1,0.999049962,1,O=C(CCCCCCC(=O)Nc1ccccc1)NO,O=C(O)C1(Cc2cccc(Nc3nccs3)n2)CCC(Oc2cccc(Cl)c2F)CC1
ZOLINZA,MK-8669,T47D,24.07392233,0.6933283,12263,1,1,0.99999845,1,O=C(CCCCCCC(=O)Nc1ccccc1)NO,COC1CC2CCC(C)C(O)(O2)C(=O)C(=O)N2CCCCC2C(=O)OC(C(C)CC2CCC(OP(C)(C)=O)C(OC)C2)CC(=O)C(C)C=C(C)C(O)C(OC)C(=O)C(C)CC(C)C=CC=CC=C1C
ZOLINZA,MK-8776,T47D,-27.7271977,0.5908711,12286,0,1,0.972664058,0,O=C(CCCCCCC(=O)Nc1ccccc1)NO,Cn1cc(-c2cnn3c(N)c(Br)c(C4CCCNC4)nc23)cn1
ZOLINZA,PD325901,T47D,16.71406252,0.6787713,12310,1,0,0.02017319,1,O=C(CCCCCCC(=O)Nc1ccccc1)NO,O=C(NOCC(O)CO)c1ccc(F)c(F)c1Nc1ccc(I)cc1F
ZOLINZA,SUNITINIB,T47D,28.43824494,0.7019605,12372,1,0,5.57E-08,1,O=C(CCCCCCC(=O)Nc1ccccc1)NO,CCN(CC)CCNC(=O)c1c(C)[nH]c(C=C2C(=O)Nc3ccc(F)cc32)c1C
ZOLINZA,TEMOZOLOMIDE,T47D,13.2536474,0.6719269,12393,1,0,0.020600097,1,O=C(CCCCCCC(=O)Nc1ccccc1)NO,Cn1nnc2c(C(N)=O)ncn2c1=O
ZOLINZA,TOPOTECAN,T47D,18.98510046,0.6832632,12411,1,1,0.999911904,1,O=C(CCCCCCC(=O)Nc1ccccc1)NO,CCC1(O)C(=O)OCc2c1cc1n(c2=O)Cc2cc3c(CN(C)C)c(O)ccc3nc2-1
