Cell line name,Compound A,Compound B,Smiles A,Smiles B,Max. conc. A,Max. conc. B,IC50 A,H A,Einf A,IC50 B,H B,Einf B,Synergy score ,label,QA,Combination ID,Challenge,Dataset
J82,AZD8931,AZD5363,CNC(=O)CN1CCC(CC1)Oc2cc3c(cc2OC)ncnc3Nc4cccc(c4F)Cl,c1cc(ccc1[C@H](CCO)NC(=O)C2(CCN(CC2)c3c4cc[nH]c4ncn3)N)Cl,3,3,3.00E-04,0.1,86.13549347,1.505053852,0.7122453,0,23.4819,1,1,AKT.ERBB,ch1,train
SW780,AZD8931,AZD5363,CNC(=O)CN1CCC(CC1)Oc2cc3c(cc2OC)ncnc3Nc4cccc(c4F)Cl,c1cc(ccc1[C@H](CCO)NC(=O)C2(CCN(CC2)c3c4cc[nH]c4ncn3)N)Cl,3,3,1,0,100,0.274613381,1.2318373,17.27187079,-253.1437,0,-1,AKT.ERBB,ch1,train
SW780,AZD4547,AZD5363,C[C@@H]1CN(C[C@@H](N1)C)c2ccc(cc2)C(=O)Nc3cc(n[nH]3)CCc4cc(cc(c4)OC)OC,c1cc(ccc1[C@H](CCO)NC(=O)C2(CCN(CC2)c3c4cc[nH]c4ncn3)N)Cl,3,3,3,10,59.40103676,0.226544243,1.0378806,13.98337761,-170.9453,0,-1,AKT.FGFR,ch1,train
HCC70,AZD4320,"AZ13409007, AKTaz",CN(CC[C@H](CSc1ccccc1)Nc2ccc(cc2S(=O)(=O)C(F)(F)F)S(=O)(=O)NC(=O)c3ccc(cc3)N4CCC(CC4)[C@H](c5ccccc5c6ccc(cc6)Cl)O)CCO,COc1cc2c(cc1OC)C3(CCN(CC3)c4c5c([nH]nc5Br)ncn4)C[C@H]2N,1,1,1,10,90.80003318,0.418329342,0.9087782,0,-30.83873,0,1,AKT_SGK.BCL2_BCL2L1,ch1,train
HCC1143,AZD4547,"AZ13409007, AKTaz",C[C@@H]1CN(C[C@@H](N1)C)c2ccc(cc2)C(=O)Nc3cc(n[nH]3)CCc4cc(cc(c4)OC)OC,COc1cc2c(cc1OC)C3(CCN(CC3)c4c5c([nH]nc5Br)ncn4)C[C@H]2N,1,1,1,0,100,1,1.7942129,47.16707998,-38.33838,0,1,AKT_SGK.FGFR,ch1,train
HCC1937,"AZD6244,Selumetinib","AZ13409007, AKTaz",Cn1cnc2c1cc(c(c2F)Nc3ccc(cc3Cl)Br)C(=O)NOCCO,COc1cc2c(cc1OC)C3(CCN(CC3)c4c5c([nH]nc5Br)ncn4)C[C@H]2N,1,1,1,0.2944549,63.94641276,0.492970233,0.5662306,48.52464206,20.91369,1,1,AKT_SGK.MAP2K_1,ch1,train
HCC1143,AZD4320,AZD6738,CN(CC[C@H](CSc1ccccc1)Nc2ccc(cc2S(=O)(=O)C(F)(F)F)S(=O)(=O)NC(=O)c3ccc(cc3)N4CCC(CC4)[C@H](c5ccccc5c6ccc(cc6)Cl)O)CCO,C[C@@H]1COCCN1c2cc(nc(n2)c3ccnc4c3cc[nH]4)C5(CC5)[S@](=N)(=O)C,1,1,0.33273564,2.1664983,59.06157023,0.3613388,10,35.39754219,-29.95077,0,1,ATR_4.BCL2_BCL2L1,ch1,train
HCC38,AZD2014,AZD6738,C[C@H]1COCCN1c2c3ccc(nc3nc(n2)N4CCOC[C@@H]4C)c5cccc(c5)C(=O)NC,C[C@@H]1COCCN1c2cc(nc(n2)c3ccnc4c3cc[nH]4)C5(CC5)[S@](=N)(=O)C,1,1,0.423384067,10,80.59640954,0.307690219,10,27.69936953,-25.05916,0,1,ATR_4.MTOR_1,ch1,train
HCC70,AZD2014,AZD6738,C[C@H]1COCCN1c2c3ccc(nc3nc(n2)N4CCOC[C@@H]4C)c5cccc(c5)C(=O)NC,C[C@@H]1COCCN1c2cc(nc(n2)c3ccnc4c3cc[nH]4)C5(CC5)[S@](=N)(=O)C,1,1,0.290337661,10,35.29936295,1,0.4854648,24.28976218,-33.24525,0,1,ATR_4.MTOR_1,ch1,train
HCC70,AZD4547,AZD4320,C[C@@H]1CN(C[C@@H](N1)C)c2ccc(cc2)C(=O)Nc3cc(n[nH]3)CCc4cc(cc(c4)OC)OC,CN(CC[C@H](CSc1ccccc1)Nc2ccc(cc2S(=O)(=O)C(F)(F)F)S(=O)(=O)NC(=O)c3ccc(cc3)N4CCC(CC4)[C@H](c5ccccc5c6ccc(cc6)Cl)O)CCO,1,1,1,0,100,1,0,100,-41.02046,0,1,BCL2_BCL2L1.FGFR,ch1,train
HCC1569,AZ13453202,MK2206,CN(C)CC#Cc1ccc(OCCCc2sc(nc2C(=O)O)N3CCc4cccc(C(=O)Nc5nc6ccccc6s5)c4C3)cc1,c1ccc(cc1)c2cc3c(ccn4c3n[nH]c4=O)nc2c5ccc(cc5)C6(CCC6)N,3,3,0.094450979,0.7823712,30.87167874,0.864395116,0.3985121,0,34.56813,1,1,AKT_1.BCL2L1,ch1,train
HCC1954,AZ13453202,MK2206,CN(C)CC#Cc1ccc(OCCCc2sc(nc2C(=O)O)N3CCc4cccc(C(=O)Nc5nc6ccccc6s5)c4C3)cc1,c1ccc(cc1)c2cc3c(ccn4c3n[nH]c4=O)nc2c5ccc(cc5)C6(CCC6)N,3,3,0.13800224,0.2968474,43.9310556,1.910247891,0.8508443,0,54.85981,1,1,AKT_1.BCL2L1,ch1,train
HCC1395,"GDC-0941, PI3K-abd",AZ13453202,CS(=O)(=O)N1CCN(CC1)Cc2cc3c(s2)c(nc(n3)c4cccc5c4cn[nH]5)N6CCOCC6,CN(C)CC#Cc1ccc(OCCCc2sc(nc2C(=O)O)N3CCc4cccc(C(=O)Nc5nc6ccccc6s5)c4C3)cc1,3,3,0.56076823,0.322064,0,0.001376845,9.4131296,73.63999998,-35.29034,0,1,BCL2L1.PIK3C,ch1,train
HCC1954,"Iressa,Gefitinib,AZD1839",MK2206,COc1cc2c(cc1OCCCN3CCOCC3)c(ncn2)Nc4ccc(c(c4)Cl)F,c1ccc(cc1)c2cc3c(ccn4c3n[nH]c4=O)nc2c5ccc(cc5)C6(CCC6)N,3,3,0.223736655,1.9575749,43.26745134,1.412989503,0.9118778,0,66.96092,1,1,AKT_1.EGFR_2,ch1,train
A549,"Iressa,Gefitinib,AZD1839",AZ13361171,COc1cc2c(cc1OCCCN3CCOCC3)c(ncn2)Nc4ccc(c(c4)Cl)F,CN1CCN(CC1)C2CCN(CC2)c3ccc(c(c3)OC)Nc4ncc(c(n4)c5c[nH]c6c5cccc6)Cl,1,3,1,0,100,1.479930367,2.699951,0,25.55663,1,1,ALK.EGFR_2,ch1,train
HCC70,AZD4547,AZD8931,C[C@@H]1CN(C[C@@H](N1)C)c2ccc(cc2)C(=O)Nc3cc(n[nH]3)CCc4cc(cc(c4)OC)OC,CNC(=O)CN1CCC(CC1)Oc2cc3c(cc2OC)ncnc3Nc4cccc(c4F)Cl,1,1,1,10,90.60024832,1,0,100,-58.86693,0,-1,ERBB.FGFR,ch1,train
HCC1937,"AZD6244,Selumetinib",AZD8931,Cn1cnc2c1cc(c(c2F)Nc3ccc(cc3Cl)Br)C(=O)NOCCO,CNC(=O)CN1CCC(CC1)Oc2cc3c(cc2OC)ncnc3Nc4cccc(c4F)Cl,1,1,0.48596048,0.6678448,69.09869753,0.010755974,1.6426269,85.27363087,43.78416,1,1,ERBB.MAP2K_1,ch1,train
HCC1395,AZD2014,AZD8931,C[C@H]1COCCN1c2c3ccc(nc3nc(n2)N4CCOC[C@@H]4C)c5cccc(c5)C(=O)NC,CNC(=O)CN1CCC(CC1)Oc2cc3c(cc2OC)ncnc3Nc4cccc(c4F)Cl,1,3,0.252830337,10,67.19058317,3,0.651744,33.92537529,-40.47877,0,-1,ERBB.MTOR_1,ch1,train
HCC1143,AZD2014,"AZ13590091,AZ12756122",C[C@H]1COCCN1c2c3ccc(nc3nc(n2)N4CCOC[C@@H]4C)c5cccc(c5)C(=O)NC,c1cc(ccc1c2ccc3c(c2)cco3)c4nc5cnccc5n4C[C@@H]6CCN(C6)C(=O)C7CC7,1,1,0.306771775,10,54.99954858,1,0,100,-60.91582,0,-1,FASN.MTOR_1,ch1,train
HCC70,AZD4547,AZD5363,C[C@@H]1CN(C[C@@H](N1)C)c2ccc(cc2)C(=O)Nc3cc(n[nH]3)CCc4cc(cc(c4)OC)OC,c1cc(ccc1[C@H](CCO)NC(=O)C2(CCN(CC2)c3c4cc[nH]c4ncn3)N)Cl,1,1,1,0,100,0.28504286,2.0000583,9.9600378,-37.64971,0,-1,AKT.FGFR,ch1,train
SW780,AZD4547,AZD5363,C[C@@H]1CN(C[C@@H](N1)C)c2ccc(cc2)C(=O)Nc3cc(n[nH]3)CCc4cc(cc(c4)OC)OC,c1cc(ccc1[C@H](CCO)NC(=O)C2(CCN(CC2)c3c4cc[nH]c4ncn3)N)Cl,3,3,3,10,59.40103676,0.226544243,1.0378806,13.98337761,-170.9453,0,-1,AKT.FGFR,ch1,train
HCC70,AZD2014,AZD4547,C[C@H]1COCCN1c2c3ccc(nc3nc(n2)N4CCOC[C@@H]4C)c5cccc(c5)C(=O)NC,C[C@@H]1CN(C[C@@H](N1)C)c2ccc(cc2)C(=O)Nc3cc(n[nH]3)CCc4cc(cc(c4)OC)OC,1,1,1,10,27.60030715,1,0,100,-35.91419,0,-1,FGFR.MTOR_1,ch1,train
C32,"GDC-0941, PI3K-abd","AZD6244,Selumetinib",CS(=O)(=O)N1CCN(CC1)Cc2cc3c(s2)c(nc(n3)c4cccc5c4cn[nH]5)N6CCOCC6,Cn1cnc2c1cc(c(c2F)Nc3ccc(cc3Cl)Br)C(=O)NOCCO,10,3,3.091280878,1.4097696,0,0.170482138,0.7010458,6.93358795,65.79356,1,1,MAP2K_1.PIK3C,ch1,train
HCC1954,"GDC-0941, PI3K-abd","AZD6244,Selumetinib",CS(=O)(=O)N1CCN(CC1)Cc2cc3c(s2)c(nc(n3)c4cccc5c4cn[nH]5)N6CCOCC6,Cn1cnc2c1cc(c(c2F)Nc3ccc(cc3Cl)Br)C(=O)NOCCO,3,3,0.796673143,1.5667777,2.44912794,2.14209445,0.2513066,0,24.47396,1,1,MAP2K_1.PIK3C,ch1,train
SW48,"GDC-0941, PI3K-abd","AZD6244,Selumetinib",CS(=O)(=O)N1CCN(CC1)Cc2cc3c(s2)c(nc(n3)c4cccc5c4cn[nH]5)N6CCOCC6,Cn1cnc2c1cc(c(c2F)Nc3ccc(cc3Cl)Br)C(=O)NOCCO,10,3,0.149523495,1.1931825,12.91145948,0.105832324,1.5069984,28.11127786,46.57632,1,1,MAP2K_1.PIK3C,ch1,train
SW48,"GDC-0941, PI3K-abd","AZD6244,Selumetinib",CS(=O)(=O)N1CCN(CC1)Cc2cc3c(s2)c(nc(n3)c4cccc5c4cn[nH]5)N6CCOCC6,Cn1cnc2c1cc(c(c2F)Nc3ccc(cc3Cl)Br)C(=O)NOCCO,10,3,0.149523495,1.1931825,12.91145948,0.105832324,1.5069984,28.11127786,46.57632,1,1,MAP2K_1.PIK3C,ch1,train
C32,"AZD6474,Vandetinib,Zactima,Caprelsa","AZD6244,Selumetinib",CN1CCC(CC1)COc2cc3c(cc2OC)c(ncn3)Nc4ccc(cc4F)Br,Cn1cnc2c1cc(c(c2F)Nc3ccc(cc3Cl)Br)C(=O)NOCCO,3,3,2.004712602,3.2014598,53.71326404,0.125881768,1.2358164,21.74533956,26.51374,1,1,MAP2K_1.TKI,ch1,train
SW48,"AZD6474,Vandetinib,Zactima,Caprelsa","AZD6244,Selumetinib",CN1CCC(CC1)COc2cc3c(cc2OC)c(ncn3)Nc4ccc(cc4F)Br,Cn1cnc2c1cc(c(c2F)Nc3ccc(cc3Cl)Br)C(=O)NOCCO,3,3,0.007030606,0.6198051,22.1487544,0.074402335,0.871457,21.42622431,69.31692,1,1,MAP2K_1.TKI,ch1,train
SW48,"AZD6474,Vandetinib,Zactima,Caprelsa","AZD6244,Selumetinib",CN1CCC(CC1)COc2cc3c(cc2OC)c(ncn3)Nc4ccc(cc4F)Br,Cn1cnc2c1cc(c(c2F)Nc3ccc(cc3Cl)Br)C(=O)NOCCO,3,3,0.007030606,0.6198051,22.1487544,0.074402335,0.871457,21.42622431,69.31692,1,1,MAP2K_1.TKI,ch1,train
SW780,AZD2014,AZD6738,C[C@H]1COCCN1c2c3ccc(nc3nc(n2)N4CCOC[C@@H]4C)c5cccc(c5)C(=O)NC,C[C@@H]1COCCN1c2cc(nc(n2)c3ccnc4c3cc[nH]4)C5(CC5)[S@](=N)(=O)C,3,3,0.480094033,2.2330861,31.9424012,3,10,78.40053516,-27.78317,0,1,ATR_4.MTOR_1,ch1,train
SW780,AZD2014,AZD8931,C[C@H]1COCCN1c2c3ccc(nc3nc(n2)N4CCOC[C@@H]4C)c5cccc(c5)C(=O)NC,CNC(=O)CN1CCC(CC1)Oc2cc3c(cc2OC)ncnc3Nc4cccc(c4F)Cl,3,3,0.629399015,1.970959,33.6881413,1,0,100,-31.22269,0,-1,ERBB.MTOR_1,ch1,train
J82,AZD2014,"AZD6244,Selumetinib",C[C@H]1COCCN1c2c3ccc(nc3nc(n2)N4CCOC[C@@H]4C)c5cccc(c5)C(=O)NC,Cn1cnc2c1cc(c(c2F)Nc3ccc(cc3Cl)Br)C(=O)NOCCO,3,3,1.080224,0.820321,0,3,0.2944827,16.66454603,34.14089,1,1,MAP2K_1.MTOR_1,ch1,train
HCC1569,"GDC-0941, PI3K-abd",MK2206,CS(=O)(=O)N1CCN(CC1)Cc2cc3c(s2)c(nc(n3)c4cccc5c4cn[nH]5)N6CCOCC6,c1ccc(cc1)c2cc3c(ccn4c3n[nH]c4=O)nc2c5ccc(cc5)C6(CCC6)N,3,3,0.321552907,1.4413987,34.86630655,1.183878635,0.4312203,0,29.80419,1,1,AKT_1.PIK3C,ch1,train
HCC1954,"GDC-0941, PI3K-abd",MK2206,CS(=O)(=O)N1CCN(CC1)Cc2cc3c(s2)c(nc(n3)c4cccc5c4cn[nH]5)N6CCOCC6,c1ccc(cc1)c2cc3c(ccn4c3n[nH]c4=O)nc2c5ccc(cc5)C6(CCC6)N,3,3,1.073519357,2.5361942,3.68825621,1.574165916,0.9541982,0,84.41957,1,1,AKT_1.PIK3C,ch1,train
HCC1937,AZD1208,"AZD6244,Selumetinib",c1ccc(cc1)c2cccc(c2N3CCC[C@H](C3)N)/C=C\4/C(=O)NC(=O)S4,Cn1cnc2c1cc(c(c2F)Nc3ccc(cc3Cl)Br)C(=O)NOCCO,1,1,1,0.3306653,64.38427757,0.071536751,0.737307,75.65137411,22.03986,1,1,MAP2K_1.PIM1,ch1,train
SW48,"AZD6474,Vandetinib,Zactima,Caprelsa",IGF-OSI,CN1CCC(CC1)COc2cc3c(cc2OC)c(ncn3)Nc4ccc(cc4F)Br,C[C@]1(C[C@@H](C1)c2n3c(c(ncc3)N)c(n2)c4cc5nc(ccc5cc4)c6ccccc6)O,3,10,0.013141369,0.8935106,23.82585356,0.28697767,1.2930672,24.93303283,41.05569,1,1,IGFR_3.TKI,ch1,train
SW48,"AZD6474,Vandetinib,Zactima,Caprelsa",IGF-OSI,CN1CCC(CC1)COc2cc3c(cc2OC)c(ncn3)Nc4ccc(cc4F)Br,C[C@]1(C[C@@H](C1)c2n3c(c(ncc3)N)c(n2)c4cc5nc(ccc5cc4)c6ccccc6)O,3,10,0.013141369,0.8935106,23.82585356,0.28697767,1.2930672,24.93303283,41.05569,1,1,IGFR_3.TKI,ch1,train
SW48,"AZD6244,Selumetinib",AZ12849707,Cn1cnc2c1cc(c(c2F)Nc3ccc(cc3Cl)Br)C(=O)NOCCO,CC1(CCC(=C(C1)CN2CCN(CC2)c3ccc(cc3)C(=O)NS(=O)(=O)c4ccc(c(c4)S(=O)(=O)C(F)(F)F)N[C@H](CCN5CCOCC5)CSc6ccccc6)c7ccc(cc7)Cl)C,3,3,0.076418668,1.297105,25.34431909,0.162129313,1.162214,18.14375467,29.97984,1,1,BCL2.MAP2K_1,ch1,LB
SW48,"AZD6244,Selumetinib",AZ12849707,Cn1cnc2c1cc(c(c2F)Nc3ccc(cc3Cl)Br)C(=O)NOCCO,CC1(CCC(=C(C1)CN2CCN(CC2)c3ccc(cc3)C(=O)NS(=O)(=O)c4ccc(c(c4)S(=O)(=O)C(F)(F)F)N[C@H](CCN5CCOCC5)CSc6ccccc6)c7ccc(cc7)Cl)C,3,3,0.076418668,1.297105,25.34431909,0.162129313,1.162214,18.14375467,29.97984,1,1,BCL2.MAP2K_1,ch1,LB
HCC1187,AZD4547,AZD4320,C[C@@H]1CN(C[C@@H](N1)C)c2ccc(cc2)C(=O)Nc3cc(n[nH]3)CCc4cc(cc(c4)OC)OC,CN(CC[C@H](CSc1ccccc1)Nc2ccc(cc2S(=O)(=O)C(F)(F)F)S(=O)(=O)NC(=O)c3ccc(cc3)N4CCC(CC4)[C@H](c5ccccc5c6ccc(cc6)Cl)O)CCO,1,1,1,0,100,1,0,100,-23.24321,0,1,BCL2_BCL2L1.FGFR,ch1,LB
HCC1937,"AZD6244,Selumetinib",Afatinib,Cn1cnc2c1cc(c(c2F)Nc3ccc(cc3Cl)Br)C(=O)NOCCO,CN(C)C/C=C/C(=O)Nc1cc2c(cc1O[C@H]3CCOC3)ncnc2Nc4ccc(c(c4)Cl)F,1,0.1,0.179960049,0.4899322,71.73396275,0.1,0.3321522,60.01380973,38.84389,1,1,EGFR.MAP2K_1,ch1,LB
HCC1569,"Iressa,Gefitinib,AZD1839",MK2206,COc1cc2c(cc1OCCCN3CCOCC3)c(ncn2)Nc4ccc(c(c4)Cl)F,c1ccc(cc1)c2cc3c(ccn4c3n[nH]c4=O)nc2c5ccc(cc5)C6(CCC6)N,3,3,3,0.5070528,64.82807858,1.416429521,0.4694591,0,24.62082,1,1,AKT_1.EGFR_2,ch1,LB
HCC1428,"AZ13590091,AZ12756122",AZD4320,c1cc(ccc1c2ccc3c(c2)cco3)c4nc5cnccc5n4C[C@@H]6CCN(C6)C(=O)C7CC7,CN(CC[C@H](CSc1ccccc1)Nc2ccc(cc2S(=O)(=O)C(F)(F)F)S(=O)(=O)NC(=O)c3ccc(cc3)N4CCC(CC4)[C@H](c5ccccc5c6ccc(cc6)Cl)O)CCO,1,1,0.248310348,10,90.79709201,0.120980806,1.2287857,10.01448914,36.954,1,1,BCL2_BCL2L1.FASN,ch1,LB
SW780,AZD2014,AZD4547,C[C@H]1COCCN1c2c3ccc(nc3nc(n2)N4CCOC[C@@H]4C)c5cccc(c5)C(=O)NC,C[C@@H]1CN(C[C@@H](N1)C)c2ccc(cc2)C(=O)Nc3cc(n[nH]3)CCc4cc(cc(c4)OC)OC,1,3,0.38467641,2.4304769,11.6095278,0.629725411,0.4551813,0,-33.1241,0,1,FGFR.MTOR_1,ch1,LB
MCF7,"GDC-0941, PI3K-abd","AZD6244,Selumetinib",CS(=O)(=O)N1CCN(CC1)Cc2cc3c(s2)c(nc(n3)c4cccc5c4cn[nH]5)N6CCOCC6,Cn1cnc2c1cc(c(c2F)Nc3ccc(cc3Cl)Br)C(=O)NOCCO,3,3,0.202745687,1.0439806,0,0.002401344,0.2644183,51.58443381,34.59796,1,1,MAP2K_1.PIK3C,ch1,LB
HCC1954,"GDC-0941, PI3K-abd",MEK_GSK,CS(=O)(=O)N1CCN(CC1)Cc2cc3c(s2)c(nc(n3)c4cccc5c4cn[nH]5)N6CCOCC6,Cc1c2c(c(n(c1=O)C)Nc3ccc(cc3F)I)c(=O)n(c(=O)n2c4cccc(c4)NC(=O)C)C5CC5,3,0.3,0.681325851,0.9688629,0,0.011770229,0.4978916,8.8556617,35.63079,1,1,MAP2K_3.PIK3C,ch1,LB
HCC70,BYL-719,AZD2014,Cc1c(sc(n1)NC(=O)N2CCC[C@H]2C(=O)N)c3ccnc(c3)C(C)(C)C(F)(F)F,C[C@H]1COCCN1c2c3ccc(nc3nc(n2)N4CCOC[C@@H]4C)c5cccc(c5)C(=O)NC,1,1,1,0,100,0.340469918,10,64.09922663,-31.67846,0,1,MTOR_1.PIK3CA_4,ch1,LB
HCC70,BYL-719,BKM120,Cc1c(sc(n1)NC(=O)N2CCC[C@H]2C(=O)N)c3ccnc(c3)C(C)(C)C(F)(F)F,c1c(c(cnc1N)c2cc(nc(n2)N3CCOCC3)N4CCOCC4)C(F)(F)F,1,1,1,0,100,1,0,100,-30.86577,0,1,PIK3C_2.PIK3CA_4,ch1,LB
HCC1937,AZD1208,AZD4320,c1ccc(cc1)c2cccc(c2N3CCC[C@H](C3)N)/C=C\4/C(=O)NC(=O)S4,CN(CC[C@H](CSc1ccccc1)Nc2ccc(cc2S(=O)(=O)C(F)(F)F)S(=O)(=O)NC(=O)c3ccc(cc3)N4CCC(CC4)[C@H](c5ccccc5c6ccc(cc6)Cl)O)CCO,1,1,1,10,89.00009214,0.338583977,10,77.79955368,46.25026,1,1,BCL2_BCL2L1.PIM1,ch1,LB
HCC1937,"GDC-0941, PI3K-abd",MK2206,CS(=O)(=O)N1CCN(CC1)Cc2cc3c(s2)c(nc(n3)c4cccc5c4cn[nH]5)N6CCOCC6,c1ccc(cc1)c2cc3c(ccn4c3n[nH]c4=O)nc2c5ccc(cc5)C6(CCC6)N,1,1,0.482255639,1.0000679,51.40037279,0.271855192,1.0280927,68.18940583,29.06949,1,1,AKT_1.PIK3C,ch1,test
HCC1937,AZD8186,MK2206,CC(c1cc(cc2c1oc(cc2=O)N3CCOCC3)C(=O)N(C)C)Nc4cc(cc(c4)F)F,c1ccc(cc1)c2cc3c(ccn4c3n[nH]c4=O)nc2c5ccc(cc5)C6(CCC6)N,1,1,1,0.3816037,44.90489642,0.728033868,0.7550818,52.27714621,33.16214,1,1,AKT_1.PIK3CB_PIK3CD,ch1,test
HCC1428,AZD4320,MK2206,CN(CC[C@H](CSc1ccccc1)Nc2ccc(cc2S(=O)(=O)C(F)(F)F)S(=O)(=O)NC(=O)c3ccc(cc3)N4CCC(CC4)[C@H](c5ccccc5c6ccc(cc6)Cl)O)CCO,c1ccc(cc1)c2cc3c(ccn4c3n[nH]c4=O)nc2c5ccc(cc5)C6(CCC6)N,1,1,0.110312868,1.2498539,10.14569171,1,0,100,28.09125,1,1,AKT_1.BCL2_BCL2L1,ch1,test
HCC1937,"AZD6244,Selumetinib",AZD4320,Cn1cnc2c1cc(c(c2F)Nc3ccc(cc3Cl)Br)C(=O)NOCCO,CN(CC[C@H](CSc1ccccc1)Nc2ccc(cc2S(=O)(=O)C(F)(F)F)S(=O)(=O)NC(=O)c3ccc(cc3)N4CCC(CC4)[C@H](c5ccccc5c6ccc(cc6)Cl)O)CCO,1,1,0.053100033,1.1844177,82.82540909,0.29186947,1.5652029,72.0733652,21.72865,1,1,BCL2_BCL2L1.MAP2K_1,ch1,test
HCC70,BYL-719,AZD4320,Cc1c(sc(n1)NC(=O)N2CCC[C@H]2C(=O)N)c3ccnc(c3)C(C)(C)C(F)(F)F,CN(CC[C@H](CSc1ccccc1)Nc2ccc(cc2S(=O)(=O)C(F)(F)F)S(=O)(=O)NC(=O)c3ccc(cc3)N4CCC(CC4)[C@H](c5ccccc5c6ccc(cc6)Cl)O)CCO,1,1,1.00E-04,0.1,88.37407468,1,0,100,-37.18545,0,1,BCL2_BCL2L1.PIK3CA_4,ch1,test
HCC1395,AZD2014,AZ13453202,C[C@H]1COCCN1c2c3ccc(nc3nc(n2)N4CCOC[C@@H]4C)c5cccc(c5)C(=O)NC,CN(C)CC#Cc1ccc(OCCCc2sc(nc2C(=O)O)N3CCc4cccc(C(=O)Nc5nc6ccccc6s5)c4C3)cc1,1,3,0.282004835,10,48.29974797,3.00E-04,0.1,70.87304045,-68.96652,0,1,BCL2L1.MTOR_1,ch1,test
HCC1937,Afatinib,MK2206,CN(C)C/C=C/C(=O)Nc1cc2c(cc1O[C@H]3CCOC3)ncnc2Nc4ccc(c(c4)Cl)F,c1ccc(cc1)c2cc3c(ccn4c3n[nH]c4=O)nc2c5ccc(cc5)C6(CCC6)N,0.1,1,0.008014847,0.511769,73.9542721,1,0.5354606,53.187159,41.32658,1,1,AKT_1.EGFR,ch1,test
HCC1395,BYL-719,AZD8931,Cc1c(sc(n1)NC(=O)N2CCC[C@H]2C(=O)N)c3ccnc(c3)C(C)(C)C(F)(F)F,CNC(=O)CN1CCC(CC1)Oc2cc3c(cc2OC)ncnc3Nc4cccc(c4F)Cl,1,1,1,10,78.00004715,1.00E-04,0.1,87.14565054,-29.77824,0,1,ERBB.PIK3CA_4,ch1,test
HCC70,BYL-719,AZD8931,Cc1c(sc(n1)NC(=O)N2CCC[C@H]2C(=O)N)c3ccnc(c3)C(C)(C)C(F)(F)F,CNC(=O)CN1CCC(CC1)Oc2cc3c(cc2OC)ncnc3Nc4cccc(c4F)Cl,1,1,1,10,89.200158,1,0,100,-44.50688,0,1,ERBB.PIK3CA_4,ch1,test
HCC1806,AZD2014,"AZ13590091,AZ12756122",C[C@H]1COCCN1c2c3ccc(nc3nc(n2)N4CCOC[C@@H]4C)c5cccc(c5)C(=O)NC,c1cc(ccc1c2ccc3c(c2)cco3)c4nc5cnccc5n4C[C@@H]6CCN(C6)C(=O)C7CC7,1,1,0.068121354,2.7899497,27.90103849,0.051204902,10,75.08011603,-50.13962,0,1,FASN.MTOR_1,ch1,test
HCC38,AZD4547,AZD5363,C[C@@H]1CN(C[C@@H](N1)C)c2ccc(cc2)C(=O)Nc3cc(n[nH]3)CCc4cc(cc(c4)OC)OC,c1cc(ccc1[C@H](CCO)NC(=O)C2(CCN(CC2)c3c4cc[nH]c4ncn3)N)Cl,1,1,0.102276552,10,76.79976406,1,10,74.2002999,-24.15664,0,1,AKT.FGFR,ch1,test
SW48,"AZD6244,Selumetinib",IGF-OSI,Cn1cnc2c1cc(c(c2F)Nc3ccc(cc3Cl)Br)C(=O)NOCCO,C[C@]1(C[C@@H](C1)c2n3c(c(ncc3)N)c(n2)c4cc5nc(ccc5cc4)c6ccccc6)O,3,10,0.109774691,1.6971818,30.09266991,0.445491499,1.3530426,24.55039381,57.35804,1,1,IGFR_3.MAP2K_1,ch1,test
SW48,"AZD6244,Selumetinib",IGF-OSI,Cn1cnc2c1cc(c(c2F)Nc3ccc(cc3Cl)Br)C(=O)NOCCO,C[C@]1(C[C@@H](C1)c2n3c(c(ncc3)N)c(n2)c4cc5nc(ccc5cc4)c6ccccc6)O,3,10,0.109774691,1.6971818,30.09266991,0.445491499,1.3530426,24.55039381,57.35804,1,1,IGFR_3.MAP2K_1,ch1,test
J82,AZD1208,"AZD6244,Selumetinib",c1ccc(cc1)c2cccc(c2N3CCC[C@H](C3)N)/C=C\4/C(=O)NC(=O)S4,Cn1cnc2c1cc(c(c2F)Nc3ccc(cc3Cl)Br)C(=O)NOCCO,3,3,0.052822046,1.91574,80.57227317,0.065022291,0.3244494,57.53627259,31.96343,1,1,MAP2K_1.PIM1,ch1,test
SW48,AZ13041521,"AZD6244,Selumetinib",Cc1c(cn(n1)C)Nc2cc(c(cn2)C(F)(F)F)Nc3ccccc3C(=O)NC,Cn1cnc2c1cc(c(c2F)Nc3ccc(cc3Cl)Br)C(=O)NOCCO,1,3,0.330294865,1.0497962,0,0.074759675,1.1908546,28.38813353,23.47467,1,1,MAP2K_1.PTK2,ch1,test
SW48,AZ13041521,"AZD6244,Selumetinib",Cc1c(cn(n1)C)Nc2cc(c(cn2)C(F)(F)F)Nc3ccccc3C(=O)NC,Cn1cnc2c1cc(c(c2F)Nc3ccc(cc3Cl)Br)C(=O)NOCCO,1,3,0.330294865,1.0497962,0,0.074759675,1.1908546,28.38813353,23.47467,1,1,MAP2K_1.PTK2,ch1,test
MCF7,"GDC-0941, PI3K-abd",MEK_GSK,CS(=O)(=O)N1CCN(CC1)Cc2cc3c(s2)c(nc(n3)c4cccc5c4cn[nH]5)N6CCOCC6,Cc1c2c(c(n(c1=O)C)Nc3ccc(cc3F)I)c(=O)n(c(=O)n2c4cccc(c4)NC(=O)C)C5CC5,3,0.3,0.234712522,1.2156361,6.50756272,0.3,0.2879401,7.14500602,23.38687,1,1,MAP2K_3.PIK3C,ch1,test
HCC1395,"GDC-0941, PI3K-abd","AZD2281,Olaparib",CS(=O)(=O)N1CCN(CC1)Cc2cc3c(s2)c(nc(n3)c4cccc5c4cn[nH]5)N6CCOCC6,c1ccc2c(c1)c(n[nH]c2=O)Cc3ccc(c(c3)C(=O)N4CCN(CC4)C(=O)C5CC5)F,1,3,0.120929428,10,31.44810834,0.088829668,0.5448042,11.49835169,-23.04499,0,1,PARP1.PIK3C,ch1,test
J82,"GDC-0941, PI3K-abd","AZD6244,Selumetinib",CS(=O)(=O)N1CCN(CC1)Cc2cc3c(s2)c(nc(n3)c4cccc5c4cn[nH]5)N6CCOCC6,Cn1cnc2c1cc(c(c2F)Nc3ccc(cc3Cl)Br)C(=O)NOCCO,3,3,0.906616547,0.854109,17.97490329,0.034950154,0.8812765,64.2519217,31.16874,1,1,MAP2K_1.PIK3C,ch1,test
HCC1428,AZD1208,AZD4320,c1ccc(cc1)c2cccc(c2N3CCC[C@H](C3)N)/C=C\4/C(=O)NC(=O)S4,CN(CC[C@H](CSc1ccccc1)Nc2ccc(cc2S(=O)(=O)C(F)(F)F)S(=O)(=O)NC(=O)c3ccc(cc3)N4CCC(CC4)[C@H](c5ccccc5c6ccc(cc6)Cl)O)CCO,1,1,0.282690178,10,71.59980742,0.13553122,1.3823834,9.94552808,69.8454,1,1,BCL2_BCL2L1.PIM1,ch1,test
J82,AZD1208,AZD5363,c1ccc(cc1)c2cccc(c2N3CCC[C@H](C3)N)/C=C\4/C(=O)NC(=O)S4,c1cc(ccc1[C@H](CCO)NC(=O)C2(CCN(CC2)c3c4cc[nH]c4ncn3)N)Cl,3,3,0.707899436,1.592629,83.73327185,0.487833283,1.384437,44.1566412,39.25554,1,1,AKT.PIM1,ch2,LB
HCC1937,BYL-719,MK2206,Cc1c(sc(n1)NC(=O)N2CCC[C@H]2C(=O)N)c3ccnc(c3)C(C)(C)C(F)(F)F,c1ccc(cc1)c2cc3c(ccn4c3n[nH]c4=O)nc2c5ccc(cc5)C6(CCC6)N,1,1,0.330780931,0.6897943,84.69623591,0.129527895,1.0145241,71.05642216,22.74677,1,1,AKT_1.PIK3CA_4,ch2,LB
HCC1937,AZD4320,AZD3463,CN(CC[C@H](CSc1ccccc1)Nc2ccc(cc2S(=O)(=O)C(F)(F)F)S(=O)(=O)NC(=O)c3ccc(cc3)N4CCC(CC4)[C@H](c5ccccc5c6ccc(cc6)Cl)O)CCO,COc1cc(ccc1Nc2ncc(c(n2)c3c[nH]c4c3cccc4)Cl)N5CCC(CC5)N,1,1,1,1.1672747,44.99975138,0.005528637,0.4748602,88.31352611,21.64679,1,1,ALK_IGFR.BCL2_BCL2L1,ch2,LB
HCC1395,AZD4547,AZD3463,C[C@@H]1CN(C[C@@H](N1)C)c2ccc(cc2)C(=O)Nc3cc(n[nH]3)CCc4cc(cc(c4)OC)OC,COc1cc(ccc1Nc2ncc(c(n2)c3c[nH]c4c3cccc4)Cl)N5CCC(CC5)N,1,1,0.025211518,1.9032781,26.9460853,0.327604637,10,46.09920843,-52.30551,0,1,ALK_IGFR.FGFR,ch2,LB
HCC70,AZD4547,AZD3463,C[C@@H]1CN(C[C@@H](N1)C)c2ccc(cc2)C(=O)Nc3cc(n[nH]3)CCc4cc(cc(c4)OC)OC,COc1cc(ccc1Nc2ncc(c(n2)c3c[nH]c4c3cccc4)Cl)N5CCC(CC5)N,1,1,1,0,100,1.00E-04,0.1,90.39449754,-29.61729,0,1,ALK_IGFR.FGFR,ch2,LB
HCC1143,AZD8186,AZD6738,CC(c1cc(cc2c1oc(cc2=O)N3CCOCC3)C(=O)N(C)C)Nc4cc(cc(c4)F)F,C[C@@H]1COCCN1c2cc(nc(n2)c3ccnc4c3cc[nH]4)C5(CC5)[S@](=N)(=O)C,1,1,1,0.626327,33.81960732,0.363791551,10,36.99743646,-28.73563,0,1,ATR_4.PIK3CB_PIK3CD,ch2,LB
HCC38,AZD8186,AZD6738,CC(c1cc(cc2c1oc(cc2=O)N3CCOCC3)C(=O)N(C)C)Nc4cc(cc(c4)F)F,C[C@@H]1COCCN1c2cc(nc(n2)c3ccnc4c3cc[nH]4)C5(CC5)[S@](=N)(=O)C,1,1,0.185079132,10,92.37960645,0.543492987,1.4118036,0,-38.89544,0,1,ATR_4.PIK3CB_PIK3CD,ch2,LB
HCC70,BKM120,AZD4320,c1c(c(cnc1N)c2cc(nc(n2)N3CCOCC3)N4CCOCC4)C(F)(F)F,CN(CC[C@H](CSc1ccccc1)Nc2ccc(cc2S(=O)(=O)C(F)(F)F)S(=O)(=O)NC(=O)c3ccc(cc3)N4CCC(CC4)[C@H](c5ccccc5c6ccc(cc6)Cl)O)CCO,1,1,1,0.2697836,63.42919797,1,0,100,-34.76145,0,1,BCL2_BCL2L1.PIK3C_2,ch2,LB
SW48,AZD7762,AZ13242274,c1cc(cc(c1)F)c2cc(c(s2)C(=O)N[C@H]3CCCNC3)NC(=O)N,C[C@@H]1COCCN1c2cc(nc(n2)c3cccc4c3cc[nH]4)C5(CC5)S(=O)(=O)C,0.3,10,0.100759642,10,12.69838503,0.471321656,1.4235754,7.83894371,31.24238,1,1,ATR_2.CHEK1,ch2,LB
SW48,AZD7762,AZ13242274,c1cc(cc(c1)F)c2cc(c(s2)C(=O)N[C@H]3CCCNC3)NC(=O)N,C[C@@H]1COCCN1c2cc(nc(n2)c3cccc4c3cc[nH]4)C5(CC5)S(=O)(=O)C,0.3,10,0.100759642,10,12.69838503,0.471321656,1.4235754,7.83894371,31.24238,1,1,ATR_2.CHEK1,ch2,LB
HCC1954,"Iressa,Gefitinib,AZD1839",AZD5363,COc1cc2c(cc1OCCCN3CCOCC3)c(ncn2)Nc4ccc(c(c4)Cl)F,c1cc(ccc1[C@H](CCO)NC(=O)C2(CCN(CC2)c3c4cc[nH]c4ncn3)N)Cl,3,3,0.228934662,1.2561575,35.56749349,0.225084221,0.484197,0,51.80705,1,1,AKT.EGFR_2,ch2,LB
HCC1569,"GDC-0941, PI3K-abd","Iressa,Gefitinib,AZD1839",CS(=O)(=O)N1CCN(CC1)Cc2cc3c(s2)c(nc(n3)c4cccc5c4cn[nH]5)N6CCOCC6,COc1cc2c(cc1OCCCN3CCOCC3)c(ncn2)Nc4ccc(c(c4)Cl)F,3,3,1.133190074,0.7433831,0,3,4.7448719,74.400439,27.04786,1,1,EGFR_2.PIK3C,ch2,LB
J82,AZD1208,AZD8931,c1ccc(cc1)c2cccc(c2N3CCC[C@H](C3)N)/C=C\4/C(=O)NC(=O)S4,CNC(=O)CN1CCC(CC1)Oc2cc3c(cc2OC)ncnc3Nc4cccc(c4F)Cl,3,3,0.211825478,10,77.84818762,0.017801999,1.6267199,84.75918462,24.61815,1,1,ERBB.PIM1,ch2,LB
SW780,"AZ12879988,AZ10234562",AZD4547,c1cc(c(c(c1)OCC2CC2)c3cc(c4c(n3)NC(=O)OC4)C5CCCNC5)O,C[C@@H]1CN(C[C@@H](N1)C)c2ccc(cc2)C(=O)Nc3cc(n[nH]3)CCc4cc(cc(c4)OC)OC,3,3,1,0,100,0.530646208,0.4572534,0,-26.0132,0,1,FGFR.IKBK,ch2,LB
SW780,"GDC-0941, PI3K-abd","Gemcitibine,Gemzar",CS(=O)(=O)N1CCN(CC1)Cc2cc3c(s2)c(nc(n3)c4cccc5c4cn[nH]5)N6CCOCC6,c1cn(c(=O)nc1N)C2C(C(C(O2)CO)O)(F)F,3,0.1,3,10,52.600352,0.002669566,2.3785314,19.5426079,-27.83078,0,1,Gemcitabine.PIK3C,ch2,LB
A549,"AZD6244,Selumetinib",AZD7032,Cn1cnc2c1cc(c(c2F)Nc3ccc(cc3Cl)Br)C(=O)NOCCO,COc1cc(ccc1Nc2ncc(c(n2)c3cnc4n3cccc4)F)N5CCN(CC5)CCO,3,3,3,0.7475989,51.7238064,1.496197442,2.5141864,0,61.534,1,1,IGFR_2.MAP2K_1,ch2,LB
C32,"AZ12594248,AZ13163036,AZ13150560","AZD6244,Selumetinib",CCN1CCN(CC1)CC(=O)Nc2ccc(c3c2c4ccccc4s3)c5cccc6c5oc(cc6=O)N7CCOCC7,Cn1cnc2c1cc(c(c2F)Nc3ccc(cc3Cl)Br)C(=O)NOCCO,10,3,2.887317174,1.0617028,0,0.095056891,0.7783431,10.71397539,61.54,1,1,MAP2K_1.PRKDC_2,ch2,LB
SW48,"AZ12594248,AZ13163036,AZ13150560","AZD6244,Selumetinib",CCN1CCN(CC1)CC(=O)Nc2ccc(c3c2c4ccccc4s3)c5cccc6c5oc(cc6=O)N7CCOCC7,Cn1cnc2c1cc(c(c2F)Nc3ccc(cc3Cl)Br)C(=O)NOCCO,10,3,0.096267144,1.1401482,0,0.109512538,1.6749767,33.24238438,27.67168,1,1,MAP2K_1.PRKDC_2,ch2,LB
SW48,"AZ12594248,AZ13163036,AZ13150560","AZD6244,Selumetinib",CCN1CCN(CC1)CC(=O)Nc2ccc(c3c2c4ccccc4s3)c5cccc6c5oc(cc6=O)N7CCOCC7,Cn1cnc2c1cc(c(c2F)Nc3ccc(cc3Cl)Br)C(=O)NOCCO,10,3,0.096267144,1.1401482,0,0.109512538,1.6749767,33.24238438,27.67168,1,1,MAP2K_1.PRKDC_2,ch2,LB
SW780,"GDC-0941, PI3K-abd","AZ12618466,AZ13535704",CS(=O)(=O)N1CCN(CC1)Cc2cc3c(s2)c(nc(n3)c4cccc5c4cn[nH]5)N6CCOCC6,C[C@@H]1CN(C[C@@H](O1)C)CC(=O)Nc2ccc3c(c2)Cc4cccc(c4S3)c5cc(=O)cc(o5)N6CCOCC6,3,3,3,10,82.60053495,1,0,100,-43.61446,0,1,ATM.PIK3C,ch2,LB
J82,"GDC-0941, PI3K-abd",AZD4320,CS(=O)(=O)N1CCN(CC1)Cc2cc3c(s2)c(nc(n3)c4cccc5c4cn[nH]5)N6CCOCC6,CN(CC[C@H](CSc1ccccc1)Nc2ccc(cc2S(=O)(=O)C(F)(F)F)S(=O)(=O)NC(=O)c3ccc(cc3)N4CCC(CC4)[C@H](c5ccccc5c6ccc(cc6)Cl)O)CCO,3,3,1.851012871,0.7231129,0,3,1.6036568,49.91138256,27.18354,1,1,BCL2_BCL2L1.PIK3C,ch2,LB
SW780,AZD8186,AZD6738,CC(c1cc(cc2c1oc(cc2=O)N3CCOCC3)C(=O)N(C)C)Nc4cc(cc(c4)F)F,C[C@@H]1COCCN1c2cc(nc(n2)c3ccnc4c3cc[nH]4)C5(CC5)[S@](=N)(=O)C,3,3,1,0,100,3,10,80.40040626,-45.01345,0,1,ATR_4.PIK3CB_PIK3CD,ch2,LB
HCC70,AZD1208,AZD4547,c1ccc(cc1)c2cccc(c2N3CCC[C@H](C3)N)/C=C\4/C(=O)NC(=O)S4,C[C@@H]1CN(C[C@@H](N1)C)c2ccc(cc2)C(=O)Nc3cc(n[nH]3)CCc4cc(cc(c4)OC)OC,1,1,1,0.3272282,68.82882911,1,0.2755587,80.85921825,-28.51655,0,1,FGFR.PIM1,ch2,LB
A549,"AZD6474,Vandetinib,Zactima,Caprelsa",AZ13361171,CN1CCC(CC1)COc2cc3c(cc2OC)c(ncn3)Nc4ccc(cc4F)Br,CN1CCN(CC1)C2CCN(CC2)c3ccc(c(c3)OC)Nc4ncc(c(n4)c5c[nH]c6c5cccc6)Cl,3,3,1,0,100,1.33852061,2.6799046,0,40.26636,1,1,ALK.TKI,ch2,LB
SW48,"AZD6474,Vandetinib,Zactima,Caprelsa","GDC-0941, PI3K-abd",CN1CCC(CC1)COc2cc3c(cc2OC)c(ncn3)Nc4ccc(cc4F)Br,CS(=O)(=O)N1CCN(CC1)Cc2cc3c(s2)c(nc(n3)c4cccc5c4cn[nH]5)N6CCOCC6,3,10,0.017447479,0.9594813,24.58180449,0.12356536,1.118422,11.58517942,23.99292,1,1,PIK3C.TKI,ch2,LB
SW48,"AZD6474,Vandetinib,Zactima,Caprelsa","GDC-0941, PI3K-abd",CN1CCC(CC1)COc2cc3c(cc2OC)c(ncn3)Nc4ccc(cc4F)Br,CS(=O)(=O)N1CCN(CC1)Cc2cc3c(s2)c(nc(n3)c4cccc5c4cn[nH]5)N6CCOCC6,3,10,0.017447479,0.9594813,24.58180449,0.12356536,1.118422,11.58517942,23.99292,1,1,PIK3C.TKI,ch2,LB
J82,AZD0530,AZD5363,CN1CCN(CC1)CCOc2cc3c(c(c2)OC4CCOCC4)c(ncn3)Nc5c(ccc6c5OCO6)Cl,c1cc(ccc1[C@H](CCO)NC(=O)C2(CCN(CC2)c3c4cc[nH]c4ncn3)N)Cl,3,3,0.144915513,1.8237503,73.0680775,1.77889129,0.6280394,12.99936892,49.31389,1,1,AKT.SRC,ch2,LB
SW48,AZ13036220,AZ12849707,CS(=O)(=O)c1ccc(cc1)Nc2cncc(n2)c3cnc4n3cccc4,CC1(CCC(=C(C1)CN2CCN(CC2)c3ccc(cc3)C(=O)NS(=O)(=O)c4ccc(c(c4)S(=O)(=O)C(F)(F)F)N[C@H](CCN5CCOCC5)CSc6ccccc6)c7ccc(cc7)Cl)C,10,3,0.439197934,1.138962,9.78835164,0.151470839,1.2821901,22.57172196,35.35596,1,1,BCL2.PIK3CA_2,ch2,LB
SW48,AZ13036220,AZ12849707,CS(=O)(=O)c1ccc(cc1)Nc2cncc(n2)c3cnc4n3cccc4,CC1(CCC(=C(C1)CN2CCN(CC2)c3ccc(cc3)C(=O)NS(=O)(=O)c4ccc(c(c4)S(=O)(=O)C(F)(F)F)N[C@H](CCN5CCOCC5)CSc6ccccc6)c7ccc(cc7)Cl)C,10,3,0.439197934,1.138962,9.78835164,0.151470839,1.2821901,22.57172196,35.35596,1,1,BCL2.PIK3CA_2,ch2,LB
SW948,AZ13146895,"AZ12618466,AZ13535704",CC(=O)Nc1cc(ccc1N(C)CCN(C)C)Nc2cc(n3c(n2)c(cn3)C#N)NC4CC4,C[C@@H]1CN(C[C@@H](O1)C)CC(=O)Nc2ccc3c(c2)Cc4cccc(c4S3)c5cc(=O)cc(o5)N6CCOCC6,0.03,10,0.008233031,1.6723276,0,3.376505774,1.4381674,82.92327854,-21.79272,0,1,ATM.CSNK2A1,ch2,LB
SW48,"AZD6244,Selumetinib",AZ13242274,Cn1cnc2c1cc(c(c2F)Nc3ccc(cc3Cl)Br)C(=O)NOCCO,C[C@@H]1COCCN1c2cc(nc(n2)c3cccc4c3cc[nH]4)C5(CC5)S(=O)(=O)C,3,10,0.089896661,1.39206,30.50643415,0.465670354,1.226951,7.14602539,24.48259,1,1,ATR_2.MAP2K_1,ch2,LB
SW48,"AZD6244,Selumetinib",AZ13242274,Cn1cnc2c1cc(c(c2F)Nc3ccc(cc3Cl)Br)C(=O)NOCCO,C[C@@H]1COCCN1c2cc(nc(n2)c3cccc4c3cc[nH]4)C5(CC5)S(=O)(=O)C,3,10,0.089896661,1.39206,30.50643415,0.465670354,1.226951,7.14602539,24.48259,1,1,ATR_2.MAP2K_1,ch2,LB
SW780,AZD1208,AZD6738,c1ccc(cc1)c2cccc(c2N3CCC[C@H](C3)N)/C=C\4/C(=O)NC(=O)S4,C[C@@H]1COCCN1c2cc(nc(n2)c3ccnc4c3cc[nH]4)C5(CC5)[S@](=N)(=O)C,3,3,1,0,100,3,1.9179559,63.58109926,-45.56083,0,1,ATR_4.PIM1,ch2,LB
HCC1937,AZD2014,MK2206,C[C@H]1COCCN1c2c3ccc(nc3nc(n2)N4CCOC[C@@H]4C)c5cccc(c5)C(=O)NC,c1ccc(cc1)c2cc3c(ccn4c3n[nH]c4=O)nc2c5ccc(cc5)C6(CCC6)N,1,1,1,0.858597,48.53977516,1,0.8541653,51.12816665,33.28588,1,1,AKT_1.MTOR_1,ch2,test
HCC1428,"AZ13409007, AKTaz",MK2206,COc1cc2c(cc1OC)C3(CCN(CC3)c4c5c([nH]nc5Br)ncn4)C[C@H]2N,c1ccc(cc1)c2cc3c(ccn4c3n[nH]c4=O)nc2c5ccc(cc5)C6(CCC6)N,1,1,0.184397084,1.1383902,89.15966361,0.486163171,1.5671882,85.04787045,27.52667,1,1,AKT_1.AKT_SGK,ch2,test
J82,"AZD2281,Olaparib","AZ12618466,AZ13535704",c1ccc2c(c1)c(n[nH]c2=O)Cc3ccc(c(c3)C(=O)N4CCN(CC4)C(=O)C5CC5)F,C[C@@H]1CN(C[C@@H](O1)C)CC(=O)Nc2ccc3c(c2)Cc4cccc(c4S3)c5cc(=O)cc(o5)N6CCOCC6,3,3,0.521196276,2.8122178,83.63067535,1.042582113,2.6567043,77.73687418,40.91717,1,1,ATM.PARP1,ch2,test
SW780,"AZD2281,Olaparib","AZ12618466,AZ13535704",c1ccc2c(c1)c(n[nH]c2=O)Cc3ccc(c(c3)C(=O)N4CCN(CC4)C(=O)C5CC5)F,C[C@@H]1CN(C[C@@H](O1)C)CC(=O)Nc2ccc3c(c2)Cc4cccc(c4S3)c5cc(=O)cc(o5)N6CCOCC6,3,3,1,0,100,1,0,100,-30.25481,0,1,ATM.PARP1,ch2,test
HCC1143,AZD4547,AZD6738,C[C@@H]1CN(C[C@@H](N1)C)c2ccc(cc2)C(=O)Nc3cc(n[nH]3)CCc4cc(cc(c4)OC)OC,C[C@@H]1COCCN1c2cc(nc(n2)c3ccnc4c3cc[nH]4)C5(CC5)[S@](=N)(=O)C,1,1,1,0,100,0.940798922,10,0,-24.52034,0,1,ATR_4.FGFR,ch2,test
HCC38,AZD4547,AZD6738,C[C@@H]1CN(C[C@@H](N1)C)c2ccc(cc2)C(=O)Nc3cc(n[nH]3)CCc4cc(cc(c4)OC)OC,C[C@@H]1COCCN1c2cc(nc(n2)c3ccnc4c3cc[nH]4)C5(CC5)[S@](=N)(=O)C,1,1,0.034464351,1.1242346,74.96881085,0.289161716,10,26.89965878,-27.5328,0,1,ATR_4.FGFR,ch2,test
HCC70,AZD4547,AZD6738,C[C@@H]1CN(C[C@@H](N1)C)c2ccc(cc2)C(=O)Nc3cc(n[nH]3)CCc4cc(cc(c4)OC)OC,C[C@@H]1COCCN1c2cc(nc(n2)c3ccnc4c3cc[nH]4)C5(CC5)[S@](=N)(=O)C,1,1,1,0,100,0.534553504,0.6108697,0,-101.8463,0,1,ATR_4.FGFR,ch2,test
SW780,AZD4320,"AZ12618466,AZ13535704",CN(CC[C@H](CSc1ccccc1)Nc2ccc(cc2S(=O)(=O)C(F)(F)F)S(=O)(=O)NC(=O)c3ccc(cc3)N4CCC(CC4)[C@H](c5ccccc5c6ccc(cc6)Cl)O)CCO,C[C@@H]1CN(C[C@@H](O1)C)CC(=O)Nc2ccc3c(c2)Cc4cccc(c4S3)c5cc(=O)cc(o5)N6CCOCC6,0.3,3,0.016584516,1.1801367,27.09499972,1,0,100,-35.54578,0,1,ATM.BCL2_BCL2L1,ch2,test
HCC1937,AZD8186,AZD4320,CC(c1cc(cc2c1oc(cc2=O)N3CCOCC3)C(=O)N(C)C)Nc4cc(cc(c4)F)F,CN(CC[C@H](CSc1ccccc1)Nc2ccc(cc2S(=O)(=O)C(F)(F)F)S(=O)(=O)NC(=O)c3ccc(cc3)N4CCC(CC4)[C@H](c5ccccc5c6ccc(cc6)Cl)O)CCO,1,1,0.203235088,0.7037648,65.34647854,0.348360644,2.6122125,75.43285612,30.92822,1,1,BCL2_BCL2L1.PIK3CB_PIK3CD,ch2,test
SW900,MEK_GSK,AZ12799043,Cc1c2c(c(n(c1=O)C)Nc3ccc(cc3F)I)c(=O)n(c(=O)n2c4cccc(c4)NC(=O)C)C5CC5,CCCS(=O)(=O)Nc1ccc(c(c1F)C(=O)c2c[nH]c3c2cc(cn3)c4cccc(c4)C(=O)N)F,0.3,3,0.009502019,0.7478868,0,1.289555175,10,90.39793234,-23.07255,0,1,BRAF_M.MAP2K_3,ch2,test
SW48,AZD7762,AZ13135223,c1cc(cc(c1)F)c2cc(c(s2)C(=O)N[C@H]3CCCNC3)NC(=O)N,CS(=O)(=O)C1(CC1)c2cc(nc(n2)c3cccc4c3cc[nH]4)N5CCOCC5,0.3,10,0.110227953,2.5514915,6.13729858,1.265892568,1.0972564,0,22.19392,1,1,ATR_1.CHEK1,ch2,test
SW48,AZD7762,AZ13135223,c1cc(cc(c1)F)c2cc(c(s2)C(=O)N[C@H]3CCCNC3)NC(=O)N,CS(=O)(=O)C1(CC1)c2cc(nc(n2)c3cccc4c3cc[nH]4)N5CCOCC5,0.3,10,0.110227953,2.5514915,6.13729858,1.265892568,1.0972564,0,22.19392,1,1,ATR_1.CHEK1,ch2,test
SW780,AZD7762,AZD4320,c1cc(cc(c1)F)c2cc(c(s2)C(=O)N[C@H]3CCCNC3)NC(=O)N,CN(CC[C@H](CSc1ccccc1)Nc2ccc(cc2S(=O)(=O)C(F)(F)F)S(=O)(=O)NC(=O)c3ccc(cc3)N4CCC(CC4)[C@H](c5ccccc5c6ccc(cc6)Cl)O)CCO,3,0.3,0.886627312,5.9833146,6.03622638,0.01403377,1.0450105,23.81259036,-48.77495,0,1,BCL2_BCL2L1.CHEK1,ch2,test
SW948,AZD7762,AZD7762,c1cc(cc(c1)F)c2cc(c(s2)C(=O)N[C@H]3CCCNC3)NC(=O)N,c1cc(cc(c1)F)c2cc(c(s2)C(=O)N[C@H]3CCCNC3)NC(=O)N,1,1,0.312522341,10,2.7990506,0.30988181,10,3.49913057,-28.00397,0,1,CHEK1.CHEK1,ch2,test
SW900,AZ13250285,AZD7762,CC(=O)Nc1cc(ccc1N(C)CCN)Nc2cc(n3c(n2)c(cn3)C#N)NC4CC4,c1cc(cc(c1)F)c2cc(c(s2)C(=O)N[C@H]3CCCNC3)NC(=O)N,0.01,1,0.002803992,2.5060272,28.13901267,0.292149724,1.8350515,9.54773102,-28.88339,0,1,CHEK1.CSNK2A1_2,ch2,test
HCC1500,Crizotinib,AZD7762,C[C@H](c1c(ccc(c1Cl)F)Cl)Oc2cc(cnc2N)c3cnn(c3)C4CCNCC4,c1cc(cc(c1)F)c2cc(c(s2)C(=O)N[C@H]3CCCNC3)NC(=O)N,1,1,0.566137468,2.1799423,0,0.147237505,2.9631771,9.93084937,-24.31087,0,1,CHEK1.MET_ALK,ch2,test
HCC1569,AZD8931,MK2206,CNC(=O)CN1CCC(CC1)Oc2cc3c(cc2OC)ncnc3Nc4cccc(c4F)Cl,c1ccc(cc1)c2cc3c(ccn4c3n[nH]c4=O)nc2c5ccc(cc5)C6(CCC6)N,3,3,3,0.5950505,51.63551738,1.520079384,0.5651352,0,42.93917,1,1,AKT_1.ERBB,ch2,test
HCC1937,AZD8931,MK2206,CNC(=O)CN1CCC(CC1)Oc2cc3c(cc2OC)ncnc3Nc4cccc(c4F)Cl,c1ccc(cc1)c2cc3c(ccn4c3n[nH]c4=O)nc2c5ccc(cc5)C6(CCC6)N,1,1,0.008034325,1.2869043,79.33830183,1,0.615462,49.0210481,44.62031,1,1,AKT_1.ERBB,ch2,test
HCC1954,AZD8931,MK2206,CNC(=O)CN1CCC(CC1)Oc2cc3c(cc2OC)ncnc3Nc4cccc(c4F)Cl,c1ccc(cc1)c2cc3c(ccn4c3n[nH]c4=O)nc2c5ccc(cc5)C6(CCC6)N,3,3,0.190458358,0.7931191,24.83156069,1.155635327,1.8756159,20.18349906,85.0376,1,1,AKT_1.ERBB,ch2,test
MCF7,AZD8931,MK2206,CNC(=O)CN1CCC(CC1)Oc2cc3c(cc2OC)ncnc3Nc4cccc(c4F)Cl,c1ccc(cc1)c2cc3c(ccn4c3n[nH]c4=O)nc2c5ccc(cc5)C6(CCC6)N,1,1,1,0,100,0.085659208,1.7747657,43.7879535,67.23944,1,1,AKT_1.ERBB,ch2,test
HCC1937,AZD8931,AZD4320,CNC(=O)CN1CCC(CC1)Oc2cc3c(cc2OC)ncnc3Nc4cccc(c4F)Cl,CN(CC[C@H](CSc1ccccc1)Nc2ccc(cc2S(=O)(=O)C(F)(F)F)S(=O)(=O)NC(=O)c3ccc(cc3)N4CCC(CC4)[C@H](c5ccccc5c6ccc(cc6)Cl)O)CCO,1,1,0.005641005,1.4687696,82.22496028,1,0.7336298,45.70595434,34.53776,1,1,BCL2_BCL2L1.ERBB,ch2,test
HCC1937,"GDC-0941, PI3K-abd",AZD8931,CS(=O)(=O)N1CCN(CC1)Cc2cc3c(s2)c(nc(n3)c4cccc5c4cn[nH]5)N6CCOCC6,CNC(=O)CN1CCC(CC1)Oc2cc3c(cc2OC)ncnc3Nc4cccc(c4F)Cl,1,1,0.477465882,0.8219962,47.5030241,0.009655027,10,80.57495923,28.40402,1,1,ERBB.PIK3C,ch2,test
HCC1954,"GDC-0941, PI3K-abd",AZD8931,CS(=O)(=O)N1CCN(CC1)Cc2cc3c(s2)c(nc(n3)c4cccc5c4cn[nH]5)N6CCOCC6,CNC(=O)CN1CCC(CC1)Oc2cc3c(cc2OC)ncnc3Nc4cccc(c4F)Cl,3,3,1.005941167,1.4980136,0,0.048459689,0.7234413,23.65164309,45.87262,1,1,ERBB.PIK3C,ch2,test
HCC1937,AZD8186,AZD8931,CC(c1cc(cc2c1oc(cc2=O)N3CCOCC3)C(=O)N(C)C)Nc4cc(cc(c4)F)F,CNC(=O)CN1CCC(CC1)Oc2cc3c(cc2OC)ncnc3Nc4cccc(c4F)Cl,1,1,1,0.272304,40.52448623,0.003802854,0.7651464,76.52246475,54.84272,1,1,ERBB.PIK3CB_PIK3CD,ch2,test
KATOIII,AZD4547,AZ13242274,C[C@@H]1CN(C[C@@H](N1)C)c2ccc(cc2)C(=O)Nc3cc(n[nH]3)CCc4cc(cc(c4)OC)OC,C[C@@H]1COCCN1c2cc(nc(n2)c3cccc4c3cc[nH]4)C5(CC5)S(=O)(=O)C,0.01,3,0.003805605,10,19.99489406,1.091963448,10,25.996938,-26.83379,0,1,ATR_2.FGFR,ch2,test
SW780,AZD4547,AZ13242274,C[C@@H]1CN(C[C@@H](N1)C)c2ccc(cc2)C(=O)Nc3cc(n[nH]3)CCc4cc(cc(c4)OC)OC,C[C@@H]1COCCN1c2cc(nc(n2)c3cccc4c3cc[nH]4)C5(CC5)S(=O)(=O)C,3,3,0.719403302,0.4912341,0,1.401199679,10,42.67168982,-25.35902,0,1,ATR_2.FGFR,ch2,test
HCC70,BYL-719,AZD4547,Cc1c(sc(n1)NC(=O)N2CCC[C@H]2C(=O)N)c3ccnc(c3)C(C)(C)C(F)(F)F,C[C@@H]1CN(C[C@@H](N1)C)c2ccc(cc2)C(=O)Nc3cc(n[nH]3)CCc4cc(cc(c4)OC)OC,1,1,1,0,100,1,0,100,-26.46255,0,1,FGFR.PIK3CA_4,ch2,test
HCC1954,"AZD6244,Selumetinib",MK2206,Cn1cnc2c1cc(c(c2F)Nc3ccc(cc3Cl)Br)C(=O)NOCCO,c1ccc(cc1)c2cc3c(ccn4c3n[nH]c4=O)nc2c5ccc(cc5)C6(CCC6)N,3,3,0.689738777,0.399805,23.9351766,1.439848147,0.8014542,0,62.86301,1,1,AKT_1.MAP2K_1,ch2,test
MCF7,"AZD6244,Selumetinib",MK2206,Cn1cnc2c1cc(c(c2F)Nc3ccc(cc3Cl)Br)C(=O)NOCCO,c1ccc(cc1)c2cc3c(ccn4c3n[nH]c4=O)nc2c5ccc(cc5)C6(CCC6)N,1,1,0.369308321,1.6599025,83.10618455,0.107397284,2.3443496,44.80987045,77.53919,1,1,AKT_1.MAP2K_1,ch2,test
C32,AZD0530,"AZD6244,Selumetinib",CN1CCN(CC1)CCOc2cc3c(c(c2)OC4CCOCC4)c(ncn3)Nc5c(ccc6c5OCO6)Cl,Cn1cnc2c1cc(c(c2F)Nc3ccc(cc3Cl)Br)C(=O)NOCCO,10,3,1.259830886,1.9584959,37.7824704,0.112868964,1.7730718,23.87590969,85.40464,1,1,MAP2K_1.SRC,ch2,test
SW48,AZD0530,"AZD6244,Selumetinib",CN1CCN(CC1)CCOc2cc3c(c(c2)OC4CCOCC4)c(ncn3)Nc5c(ccc6c5OCO6)Cl,Cn1cnc2c1cc(c(c2F)Nc3ccc(cc3Cl)Br)C(=O)NOCCO,10,3,0.099920657,1.1177791,19.50693978,0.112482662,1.3765875,26.29228636,65.58502,1,1,MAP2K_1.SRC,ch2,test
SW48,AZD0530,"AZD6244,Selumetinib",CN1CCN(CC1)CCOc2cc3c(c(c2)OC4CCOCC4)c(ncn3)Nc5c(ccc6c5OCO6)Cl,Cn1cnc2c1cc(c(c2F)Nc3ccc(cc3Cl)Br)C(=O)NOCCO,10,3,0.099920657,1.1177791,19.50693978,0.112482662,1.3765875,26.29228636,65.58502,1,1,MAP2K_1.SRC,ch2,test
A549,AZD2014,MK2206,C[C@H]1COCCN1c2c3ccc(nc3nc(n2)N4CCOC[C@@H]4C)c5cccc(c5)C(=O)NC,c1ccc(cc1)c2cc3c(ccn4c3n[nH]c4=O)nc2c5ccc(cc5)C6(CCC6)N,3,3,0.761018127,1.6602841,65.15268503,3,10,88.40003402,45.40408,1,1,AKT_1.MTOR_1,ch2,test
HCC1954,AZD2014,MK2206,C[C@H]1COCCN1c2c3ccc(nc3nc(n2)N4CCOC[C@@H]4C)c5cccc(c5)C(=O)NC,c1ccc(cc1)c2cc3c(ccn4c3n[nH]c4=O)nc2c5ccc(cc5)C6(CCC6)N,1,3,0.051012579,1.4760502,14.95973636,0.75368257,1.3895296,24.73006482,52.66168,1,1,AKT_1.MTOR_1,ch2,test
MCF7,AZD2014,MK2206,C[C@H]1COCCN1c2c3ccc(nc3nc(n2)N4CCOC[C@@H]4C)c5cccc(c5)C(=O)NC,c1ccc(cc1)c2cc3c(ccn4c3n[nH]c4=O)nc2c5ccc(cc5)C6(CCC6)N,1,1,0.063126844,0.6283826,0,0.012759312,10,54.94869374,65.4644,1,1,AKT_1.MTOR_1,ch2,test
SW48,AZD2014,MK2206,C[C@H]1COCCN1c2c3ccc(nc3nc(n2)N4CCOC[C@@H]4C)c5cccc(c5)C(=O)NC,c1ccc(cc1)c2cc3c(ccn4c3n[nH]c4=O)nc2c5ccc(cc5)C6(CCC6)N,0.1,3,0.02977094,2.1552246,48.11404751,0.051824198,1.3900079,49.16685468,49.68983,1,1,AKT_1.MTOR_1,ch2,test
SW48,AZD2014,MK2206,C[C@H]1COCCN1c2c3ccc(nc3nc(n2)N4CCOC[C@@H]4C)c5cccc(c5)C(=O)NC,c1ccc(cc1)c2cc3c(ccn4c3n[nH]c4=O)nc2c5ccc(cc5)C6(CCC6)N,0.1,3,0.02977094,2.1552246,48.11404751,0.051824198,1.3900079,49.16685468,49.68983,1,1,AKT_1.MTOR_1,ch2,test
HCC1187,AZD2014,AZD2014,C[C@H]1COCCN1c2c3ccc(nc3nc(n2)N4CCOC[C@@H]4C)c5cccc(c5)C(=O)NC,C[C@H]1COCCN1c2c3ccc(nc3nc(n2)N4CCOC[C@@H]4C)c5cccc(c5)C(=O)NC,1,1,1,0,100,1,10,51.80000948,-55.5822,0,1,MTOR_1.MTOR_1,ch2,test
J82,"GDC-0941, PI3K-abd",AZD8931,CS(=O)(=O)N1CCN(CC1)Cc2cc3c(s2)c(nc(n3)c4cccc5c4cn[nH]5)N6CCOCC6,CNC(=O)CN1CCC(CC1)Oc2cc3c(cc2OC)ncnc3Nc4cccc(c4F)Cl,3,3,1.840092784,0.6124554,0,3.00E-04,0.1,84.08456,21.66266,1,1,ERBB.PIK3C,ch2,test
HCC1806,BKM120,AZD2014,c1c(c(cnc1N)c2cc(nc(n2)N3CCOCC3)N4CCOCC4)C(F)(F)F,C[C@H]1COCCN1c2c3ccc(nc3nc(n2)N4CCOC[C@@H]4C)c5cccc(c5)C(=O)NC,1,1,0.320665097,10,11.59895735,0.16971871,1.493185,5.70215483,-20.24336,0,1,MTOR_1.PIK3C_2,ch2,test
HCC70,BKM120,AZD2014,c1c(c(cnc1N)c2cc(nc(n2)N3CCOCC3)N4CCOCC4)C(F)(F)F,C[C@H]1COCCN1c2c3ccc(nc3nc(n2)N4CCOC[C@@H]4C)c5cccc(c5)C(=O)NC,1,1,1,0,100,0.375817394,10,67.39816336,-27.68222,0,1,MTOR_1.PIK3C_2,ch2,test
HCC1937,AZD8186,"AZD6244,Selumetinib",CC(c1cc(cc2c1oc(cc2=O)N3CCOCC3)C(=O)N(C)C)Nc4cc(cc(c4)F)F,Cn1cnc2c1cc(c(c2F)Nc3ccc(cc3Cl)Br)C(=O)NOCCO,1,1,1,0.3919746,52.97873729,0.082370021,1.081223,78.07618719,32.89567,1,1,MAP2K_1.PIK3CB_PIK3CD,ch2,test
J82,AZD8186,"AZD6244,Selumetinib",CC(c1cc(cc2c1oc(cc2=O)N3CCOCC3)C(=O)N(C)C)Nc4cc(cc(c4)F)F,Cn1cnc2c1cc(c(c2F)Nc3ccc(cc3Cl)Br)C(=O)NOCCO,3,3,1.636029403,0.4828986,0,0.075453837,0.3513664,42.14343914,25.33901,1,1,MAP2K_1.PIK3CB_PIK3CD,ch2,test
SW780,AZD1208,"AZ12618466,AZ13535704",c1ccc(cc1)c2cccc(c2N3CCC[C@H](C3)N)/C=C\4/C(=O)NC(=O)S4,C[C@@H]1CN(C[C@@H](O1)C)CC(=O)Nc2ccc3c(c2)Cc4cccc(c4S3)c5cc(=O)cc(o5)N6CCOCC6,3,3,1,0,100,1,0,100,-31.88101,0,1,ATM.PIM1,ch2,test
HCC1937,AZD1208,AZD8186,c1ccc(cc1)c2cccc(c2N3CCC[C@H](C3)N)/C=C\4/C(=O)NC(=O)S4,CC(c1cc(cc2c1oc(cc2=O)N3CCOCC3)C(=O)N(C)C)Nc4cc(cc(c4)F)F,1,1,1,10,88.60004482,0.313837163,1.3381375,70.11768512,31.90923,1,1,PIK3CB_PIK3CD.PIM1,ch2,test
J82,AZD0530,AZD4547,CN1CCN(CC1)CCOc2cc3c(c(c2)OC4CCOCC4)c(ncn3)Nc5c(ccc6c5OCO6)Cl,C[C@@H]1CN(C[C@@H](N1)C)c2ccc(cc2)C(=O)Nc3cc(n[nH]3)CCc4cc(cc(c4)OC)OC,3,3,0.198999042,5.267428,81.04675687,0.092063183,1.1069458,62.6554881,36.15176,1,1,FGFR.SRC,ch2,test
J82,AZD0530,"AZD6244,Selumetinib",CN1CCN(CC1)CCOc2cc3c(c(c2)OC4CCOCC4)c(ncn3)Nc5c(ccc6c5OCO6)Cl,Cn1cnc2c1cc(c(c2F)Nc3ccc(cc3Cl)Br)C(=O)NOCCO,3,3,0.147365166,0.8775732,75.34599498,3,0.2228319,30.11922122,31.04972,1,1,MAP2K_1.SRC,ch2,test
SW780,"AZD2281,Olaparib",AZD6738,c1ccc2c(c1)c(n[nH]c2=O)Cc3ccc(c(c3)C(=O)N4CCN(CC4)C(=O)C5CC5)F,C[C@@H]1COCCN1c2cc(nc(n2)c3ccnc4c3cc[nH]4)C5(CC5)[S@](=N)(=O)C,3,3,1,0,100,0.253976356,3.2321636,72.49473229,-45.26127,0,1,ATR_4.PARP1,ch2,test
TCCSUP,AZD1208,AZD7762,c1ccc(cc1)c2cccc(c2N3CCC[C@H](C3)N)/C=C\4/C(=O)NC(=O)S4,c1cc(cc(c1)F)c2cc(c(s2)C(=O)N[C@H]3CCCNC3)NC(=O)N,3,1,0.096303366,1.4549781,83.67157251,0.196889028,2.9432644,4.83619205,-42.31152,0,1,CHEK1.PIM1,ch2,test
SW948,AZ13146895,AZD7762,CC(=O)Nc1cc(ccc1N(C)CCN(C)C)Nc2cc(n3c(n2)c(cn3)C#N)NC4CC4,c1cc(cc(c1)F)c2cc(c(s2)C(=O)N[C@H]3CCCNC3)NC(=O)N,0.03,1,0.009322759,10,7.99908076,0.296804111,10,4.69937685,-71.74971,0,1,CHEK1.CSNK2A1,ch2,test
SW780,AZD8931,AZD6738,CNC(=O)CN1CCC(CC1)Oc2cc3c(cc2OC)ncnc3Nc4cccc(c4F)Cl,C[C@@H]1COCCN1c2cc(nc(n2)c3ccnc4c3cc[nH]4)C5(CC5)[S@](=N)(=O)C,3,3,1,0,100,3,10,84.80037929,-44.94208,0,1,ATR_4.ERBB,ch2,test
HCC1419,Crizotinib,AZD8931,C[C@H](c1c(ccc(c1Cl)F)Cl)Oc2cc(cnc2N)c3cnn(c3)C4CCNCC4,CNC(=O)CN1CCC(CC1)Oc2cc3c(cc2OC)ncnc3Nc4cccc(c4F)Cl,1,1,1,0,100,0.152231857,1.5956336,21.6558357,-29.78547,0,1,ERBB.MET_ALK,ch2,test
SW780,AZD2014,"AZ12618466,AZ13535704",C[C@H]1COCCN1c2c3ccc(nc3nc(n2)N4CCOC[C@@H]4C)c5cccc(c5)C(=O)NC,C[C@@H]1CN(C[C@@H](O1)C)CC(=O)Nc2ccc3c(c2)Cc4cccc(c4S3)c5cc(=O)cc(o5)N6CCOCC6,3,3,0.57429534,2.0110858,30.37115778,1,0,100,-26.47415,0,1,ATM.MTOR_1,ch2,test
J82,AZD0530,"GDC-0941, PI3K-abd",CN1CCN(CC1)CCOc2cc3c(c(c2)OC4CCOCC4)c(ncn3)Nc5c(ccc6c5OCO6)Cl,CS(=O)(=O)N1CCN(CC1)Cc2cc3c(s2)c(nc(n3)c4cccc5c4cn[nH]5)N6CCOCC6,3,3,0.241835785,0.6611754,71.83098442,1.816234991,0.9524639,3.16730035,42.05037,1,1,PIK3C.SRC,ch2,test
J82,AZD0530,AZD8186,CN1CCN(CC1)CCOc2cc3c(c(c2)OC4CCOCC4)c(ncn3)Nc5c(ccc6c5OCO6)Cl,CC(c1cc(cc2c1oc(cc2=O)N3CCOCC3)C(=O)N(C)C)Nc4cc(cc(c4)F)F,3,3,0.031115305,0.7169206,69.71456984,1.390205745,0.494982,0,50.5401,1,1,PIK3CB_PIK3CD.SRC,ch2,test
J82,AZD0530,AZD4320,CN1CCN(CC1)CCOc2cc3c(c(c2)OC4CCOCC4)c(ncn3)Nc5c(ccc6c5OCO6)Cl,CN(CC[C@H](CSc1ccccc1)Nc2ccc(cc2S(=O)(=O)C(F)(F)F)S(=O)(=O)NC(=O)c3ccc(cc3)N4CCC(CC4)[C@H](c5ccccc5c6ccc(cc6)Cl)O)CCO,3,3,0.099921056,0.7071559,75.64663775,3,10,59.4000883,21.18099,1,1,BCL2_BCL2L1.SRC,ch2,test
J82,AZD0530,"AZD2281,Olaparib",CN1CCN(CC1)CCOc2cc3c(c(c2)OC4CCOCC4)c(ncn3)Nc5c(ccc6c5OCO6)Cl,c1ccc2c(c1)c(n[nH]c2=O)Cc3ccc(c(c3)C(=O)N4CCN(CC4)C(=O)C5CC5)F,3,3,3,0.5102541,47.33827435,3,0.4835006,73.46592122,26.25629,1,1,PARP1.SRC,ch2,test
J82,AZD0530,AZD1208,CN1CCN(CC1)CCOc2cc3c(c(c2)OC4CCOCC4)c(ncn3)Nc5c(ccc6c5OCO6)Cl,c1ccc(cc1)c2cccc(c2N3CCC[C@H](C3)N)/C=C\4/C(=O)NC(=O)S4,3,3,0.132510954,0.5568518,70.3701549,0.615461249,0.4447448,69.56958516,21.28021,1,1,PIM1.SRC,ch2,test
SW48,"AZD6474,Vandetinib,Zactima,Caprelsa",AZ13036220,CN1CCC(CC1)COc2cc3c(cc2OC)c(ncn3)Nc4ccc(cc4F)Br,CS(=O)(=O)c1ccc(cc1)Nc2cncc(n2)c3cnc4n3cccc4,3,10,0.014373647,0.8478487,23.65195595,0.304027731,0.7845071,4.15006337,24.28684,1,1,PIK3CA_2.TKI,ch2,test
SW48,"AZD6474,Vandetinib,Zactima,Caprelsa",AZ13036220,CN1CCC(CC1)COc2cc3c(cc2OC)c(ncn3)Nc4ccc(cc4F)Br,CS(=O)(=O)c1ccc(cc1)Nc2cncc(n2)c3cnc4n3cccc4,3,10,0.014373647,0.8478487,23.65195595,0.304027731,0.7845071,4.15006337,24.28684,1,1,PIK3CA_2.TKI,ch2,test
